
> spruha@0.0.0 start
> ng serve --port 4301

[33m>[39m Building...
[32m√[39m Building...
[1mInitial chunk files[22m[2m | [22m[1mNames[22m                  [2m | [22m [1mRaw size[22m
[32mstyles.css[39m         [2m | [22m[2mstyles[22m                 [2m | [22m  [36m2.77 MB[39m[2m | [22m
[32mchunk-IWYN7XQY.js[39m  [2m | [22m[2m-[22m                      [2m | [22m[36m364.14 kB[39m[2m | [22m
[32mscripts.js[39m         [2m | [22m[2mscripts[22m                [2m | [22m[36m107.51 kB[39m[2m | [22m
[32mpolyfills.js[39m       [2m | [22m[2mpolyfills[22m              [2m | [22m [36m91.33 kB[39m[2m | [22m
[32mchunk-WHLG75XP.js[39m  [2m | [22m[2m-[22m                      [2m | [22m [36m29.59 kB[39m[2m | [22m
[32mmain.js[39m            [2m | [22m[2mmain[22m                   [2m | [22m [36m12.57 kB[39m[2m | [22m
[32mchunk-YEV5L5GY.js[39m  [2m | [22m[2m-[22m                      [2m | [22m [36m10.90 kB[39m[2m | [22m
[32mchunk-XUNQ54CZ.js[39m  [2m | [22m[2m-[22m                      [2m | [22m  [36m6.13 kB[39m[2m | [22m
[32mchunk-EVSPGG2W.js[39m  [2m | [22m[2m-[22m                      [2m | [22m  [36m1.64 kB[39m[2m | [22m
[32mchunk-HKK3KHZW.js[39m  [2m | [22m[2m-[22m                      [2m | [22m[36m716 bytes[39m[2m | [22m

[1m [22m                  [2m | [22m[1mInitial total[22m          [2m | [22m  [1m3.39 MB[22m

[1mLazy chunk files[22m   [2m | [22m[1mNames[22m                  [2m | [22m [1mRaw size[22m
[32mchunk-ILCXL754.js[39m  [2m | [22m[2mdashboard-component[22m    [2m | [22m[36m508.95 kB[39m[2m | [22m
[32mchunk-WRFMJCC7.js[39m  [2m | [22m[2mnavs-tabs-component[22m    [2m | [22m[36m320.26 kB[39m[2m | [22m
[32mchunk-LGFZBYN2.js[39m  [2m | [22m[2mmodals-closes-component[22m[2m | [22m[36m267.67 kB[39m[2m | [22m
[32mchunk-OUQDONXP.js[39m  [2m | [22m[2mtables-component[22m       [2m | [22m[36m200.99 kB[39m[2m | [22m
[32mchunk-ESGU2E3S.js[39m  [2m | [22m[2mcards-component[22m        [2m | [22m[36m175.87 kB[39m[2m | [22m
[32mchunk-N4VHP2LZ.js[39m  [2m | [22m[2mfleet-map-component[22m    [2m | [22m[36m169.60 kB[39m[2m | [22m
[32mchunk-EV526D6P.js[39m  [2m | [22m[2malerts-component[22m       [2m | [22m[36m160.78 kB[39m[2m | [22m
[32mchunk-4F2NRI2J.js[39m  [2m | [22m[2mdropdowns-component[22m    [2m | [22m[36m151.67 kB[39m[2m | [22m
[32mchunk-DCXRWFQH.js[39m  [2m | [22m[2mchat-component[22m         [2m | [22m[36m134.03 kB[39m[2m | [22m
[32mchunk-LRTCVYM5.js[39m  [2m | [22m[2mprofile-component[22m      [2m | [22m[36m128.46 kB[39m[2m | [22m
[32mchunk-GQTYVTHA.js[39m  [2m | [22m[2mchecks-radios-component[22m[2m | [22m[36m114.93 kB[39m[2m | [22m
[32mchunk-PEEHENY7.js[39m  [2m | [22m[2mvehicle-view-component[22m [2m | [22m[36m114.88 kB[39m[2m | [22m
[32mchunk-3NHSGSFH.js[39m  [2m | [22m[2micons-component[22m        [2m | [22m[36m112.98 kB[39m[2m | [22m
[32mchunk-Z6SLXR7E.js[39m  [2m | [22m[2mnavbar-component[22m       [2m | [22m[36m108.91 kB[39m[2m | [22m
[32mchunk-FZD7ACQ6.js[39m  [2m | [22m[2m-[22m                      [2m | [22m[36m106.99 kB[39m[2m | [22m
[2m...and 203 more lazy chunks files. Use "--verbose" to show all the files.[22m

Application bundle generation complete. [35.881 seconds]

Watch mode enabled. Watching for file changes...
NOTE: Raw file sizes do not reflect development server per-request transformations.
[2m10:44:30 a.m.[22m [36m[1m[vite][22m[39m [34m[2m(ssr)[22m[39m Re-optimizing dependencies because vite config has changed
[2m10:44:30 a.m.[22m [36m[1m[vite][22m[39m [90m[2m(client)[22m[39m Re-optimizing dependencies because vite config has changed
  [32m➜[39m  [1mLocal[22m:   [36mhttp://localhost:[1m4301[22m/[39m
[2m[32m  ➜[39m[22m[2m  press [22m[1mh + enter[22m[2m to show help[22m
[33m>[39m Changes detected. Rebuilding...
[32m√[39m Changes detected. Rebuilding...

No output file changes.

Application bundle generation complete. [20.104 seconds]

[33m>[39m Changes detected. Rebuilding...
[32m√[39m Changes detected. Rebuilding...
[1mInitial chunk files[22m[2m | [22m[1mNames[22m              [2m | [22m [1mRaw size[22m
[32mmain.js[39m            [2m | [22m[2mmain[22m               [2m | [22m [36m12.57 kB[39m[2m | [22m

[1mLazy chunk files[22m   [2m | [22m[1mNames[22m              [2m | [22m [1mRaw size[22m
[32mchunk-UQ7YVACR.js[39m  [2m | [22m[2mdashboard-component[22m[2m | [22m[36m508.95 kB[39m[2m | [22m
[32mchunk-5OU5BKQZ.js[39m  [2m | [22m[2madmin-routes[22m       [2m | [22m  [36m6.88 kB[39m[2m | [22m
[32mchunk-KWTBNGBA.js[39m  [2m | [22m[2mclient-routes[22m      [2m | [22m  [36m2.84 kB[39m[2m | [22m
[32mchunk-TMNL3PW2.js[39m  [2m | [22m[2mdashboard-routes[22m   [2m | [22m  [36m1.27 kB[39m[2m | [22m

Application bundle generation complete. [2.472 seconds]

Page reload sent to client(s).
[33m>[39m Changes detected. Rebuilding...
[32m√[39m Changes detected. Rebuilding...
[1mInitial chunk files[22m[2m | [22m[1mNames[22m              [2m | [22m [1mRaw size[22m
[32mmain.js[39m            [2m | [22m[2mmain[22m               [2m | [22m [36m12.57 kB[39m[2m | [22m

[1mLazy chunk files[22m   [2m | [22m[1mNames[22m              [2m | [22m [1mRaw size[22m
[32mchunk-7N3HBXS6.js[39m  [2m | [22m[2mdashboard-component[22m[2m | [22m[36m509.48 kB[39m[2m | [22m
[32mchunk-Z2RXBR2O.js[39m  [2m | [22m[2madmin-routes[22m       [2m | [22m  [36m6.88 kB[39m[2m | [22m
[32mchunk-NEFJ773M.js[39m  [2m | [22m[2mclient-routes[22m      [2m | [22m  [36m2.84 kB[39m[2m | [22m
[32mchunk-I2ZVXC77.js[39m  [2m | [22m[2mdashboard-routes[22m   [2m | [22m  [36m1.27 kB[39m[2m | [22m

Application bundle generation complete. [2.286 seconds]

Page reload sent to client(s).
[33m>[39m Changes detected. Rebuilding...
[32m√[39m Changes detected. Rebuilding...
[1mInitial chunk files[22m[2m | [22m[1mNames[22m              [2m | [22m [1mRaw size[22m
[32mmain.js[39m            [2m | [22m[2mmain[22m               [2m | [22m [36m12.57 kB[39m[2m | [22m

[1mLazy chunk files[22m   [2m | [22m[1mNames[22m              [2m | [22m [1mRaw size[22m
[32mchunk-BCSP76VN.js[39m  [2m | [22m[2mdashboard-component[22m[2m | [22m[36m510.04 kB[39m[2m | [22m
[32mchunk-XPLTROPJ.js[39m  [2m | [22m[2madmin-routes[22m       [2m | [22m  [36m6.88 kB[39m[2m | [22m
[32mchunk-QCY7MYJI.js[39m  [2m | [22m[2mclient-routes[22m      [2m | [22m  [36m2.84 kB[39m[2m | [22m
[32mchunk-ENNJZQJI.js[39m  [2m | [22m[2mdashboard-routes[22m   [2m | [22m  [36m1.27 kB[39m[2m | [22m

Application bundle generation complete. [1.361 seconds]

Page reload sent to client(s).
[33m>[39m Changes detected. Rebuilding...
[32m√[39m Changes detected. Rebuilding...
Application bundle generation failed. [1.453 seconds]

[1m[31m[31mX [41;31m[[41;97mERROR[41;31m][0m [1mNG9: Property 'getProjectTypeClass' does not exist on type 'VehicleActivitiesWidgetComponent'.[0m [1m[35m[plugin angular-compiler][0m

    src/app/shared/components/vehicle-activities-widget/vehicle-activities-widget.component.html:93:53:
[37m      93 │ ... <span class="pa-type-badge" [ngClass]="[32mgetProjectTypeClass[37m(row)">
         ╵                                            [32m~~~~~~~~~~~~~~~~~~~[0m

  Error occurs in the template of component VehicleActivitiesWidgetComponent.

    src/app/shared/components/vehicle-activities-widget/vehicle-activities-widget.component.ts:29:15:
[37m      29 │   templateUrl: [32m'./vehicle-activities-widget.component.html'[37m,
         ╵                [32m~~~~~~~~~~~~~~~~~~~~~~~~~~~~~~~~~~~~~~~~~~~~[0m

[39m[22m
[33m>[39m Changes detected. Rebuilding...
[32m√[39m Changes detected. Rebuilding...
Application bundle generation failed. [1.699 seconds]

[1m[31m[31mX [41;31m[[41;97mERROR[41;31m][0m [1mNG9: Property 'getProjectTypeClass' does not exist on type 'VehicleActivitiesWidgetComponent'.[0m [1m[35m[plugin angular-compiler][0m

    src/app/shared/components/vehicle-activities-widget/vehicle-activities-widget.component.html:93:53:
[37m      93 │ ... <span class="pa-type-badge" [ngClass]="[32mgetProjectTypeClass[37m(row)">
         ╵                                            [32m~~~~~~~~~~~~~~~~~~~[0m

  Error occurs in the template of component VehicleActivitiesWidgetComponent.

    src/app/shared/components/vehicle-activities-widget/vehicle-activities-widget.component.ts:29:15:
[37m      29 │   templateUrl: [32m'./vehicle-activities-widget.component.html'[37m,
         ╵                [32m~~~~~~~~~~~~~~~~~~~~~~~~~~~~~~~~~~~~~~~~~~~~[0m

[39m[22m
[33m>[39m Changes detected. Rebuilding...
[32m√[39m Changes detected. Rebuilding...
Application bundle generation failed. [1.747 seconds]

[1m[31m[31mX [41;31m[[41;97mERROR[41;31m][0m [1mNG9: Property 'getProjectTypeClass' does not exist on type 'VehicleActivitiesWidgetComponent'.[0m [1m[35m[plugin angular-compiler][0m

    src/app/shared/components/vehicle-activities-widget/vehicle-activities-widget.component.html:93:53:
[37m      93 │ ... <span class="pa-type-badge" [ngClass]="[32mgetProjectTypeClass[37m(row)">
         ╵                                            [32m~~~~~~~~~~~~~~~~~~~[0m

  Error occurs in the template of component VehicleActivitiesWidgetComponent.

    src/app/shared/components/vehicle-activities-widget/vehicle-activities-widget.component.ts:29:15:
[37m      29 │   templateUrl: [32m'./vehicle-activities-widget.component.html'[37m,
         ╵                [32m~~~~~~~~~~~~~~~~~~~~~~~~~~~~~~~~~~~~~~~~~~~~[0m

[39m[22m
[33m>[39m Changes detected. Rebuilding...
[32m√[39m Changes detected. Rebuilding...
[1mInitial chunk files[22m[2m | [22m[1mNames[22m                  [2m | [22m [1mRaw size[22m
[32mstyles.css[39m         [2m | [22m[2mstyles[22m                 [2m | [22m  [36m2.77 MB[39m[2m | [22m
[32mchunk-IWYN7XQY.js[39m  [2m | [22m[2m-[22m                      [2m | [22m[36m364.14 kB[39m[2m | [22m
[32mscripts.js[39m         [2m | [22m[2mscripts[22m                [2m | [22m[36m107.51 kB[39m[2m | [22m
[32mpolyfills.js[39m       [2m | [22m[2mpolyfills[22m              [2m | [22m [36m91.33 kB[39m[2m | [22m
[32mchunk-WHLG75XP.js[39m  [2m | [22m[2m-[22m                      [2m | [22m [36m29.59 kB[39m[2m | [22m
[32mmain.js[39m            [2m | [22m[2mmain[22m                   [2m | [22m [36m12.57 kB[39m[2m | [22m
[32mchunk-YEV5L5GY.js[39m  [2m | [22m[2m-[22m                      [2m | [22m [36m10.90 kB[39m[2m | [22m
[32mchunk-XUNQ54CZ.js[39m  [2m | [22m[2m-[22m                      [2m | [22m  [36m6.13 kB[39m[2m | [22m
[32mchunk-EVSPGG2W.js[39m  [2m | [22m[2m-[22m                      [2m | [22m  [36m1.64 kB[39m[2m | [22m
[32mchunk-HKK3KHZW.js[39m  [2m | [22m[2m-[22m                      [2m | [22m[36m716 bytes[39m[2m | [22m

[1m [22m                  [2m | [22m[1mInitial total[22m          [2m | [22m  [1m3.39 MB[22m

[1mLazy chunk files[22m   [2m | [22m[1mNames[22m                  [2m | [22m [1mRaw size[22m
[32mchunk-F5SRU7V5.js[39m  [2m | [22m[2mdashboard-component[22m    [2m | [22m[36m511.54 kB[39m[2m | [22m
[32mchunk-WRFMJCC7.js[39m  [2m | [22m[2mnavs-tabs-component[22m    [2m | [22m[36m320.26 kB[39m[2m | [22m
[32mchunk-LGFZBYN2.js[39m  [2m | [22m[2mmodals-closes-component[22m[2m | [22m[36m267.67 kB[39m[2m | [22m
[32mchunk-OUQDONXP.js[39m  [2m | [22m[2mtables-component[22m       [2m | [22m[36m200.99 kB[39m[2m | [22m
[32mchunk-ESGU2E3S.js[39m  [2m | [22m[2mcards-component[22m        [2m | [22m[36m175.87 kB[39m[2m | [22m
[32mchunk-N4VHP2LZ.js[39m  [2m | [22m[2mfleet-map-component[22m    [2m | [22m[36m169.60 kB[39m[2m | [22m
[32mchunk-EV526D6P.js[39m  [2m | [22m[2malerts-component[22m       [2m | [22m[36m160.78 kB[39m[2m | [22m
[32mchunk-4F2NRI2J.js[39m  [2m | [22m[2mdropdowns-component[22m    [2m | [22m[36m151.67 kB[39m[2m | [22m
[32mchunk-DCXRWFQH.js[39m  [2m | [22m[2mchat-component[22m         [2m | [22m[36m134.03 kB[39m[2m | [22m
[32mchunk-LRTCVYM5.js[39m  [2m | [22m[2mprofile-component[22m      [2m | [22m[36m128.46 kB[39m[2m | [22m
[32mchunk-GQTYVTHA.js[39m  [2m | [22m[2mchecks-radios-component[22m[2m | [22m[36m114.93 kB[39m[2m | [22m
[32mchunk-PEEHENY7.js[39m  [2m | [22m[2mvehicle-view-component[22m [2m | [22m[36m114.88 kB[39m[2m | [22m
[32mchunk-3NHSGSFH.js[39m  [2m | [22m[2micons-component[22m        [2m | [22m[36m112.98 kB[39m[2m | [22m
[32mchunk-Z6SLXR7E.js[39m  [2m | [22m[2mnavbar-component[22m       [2m | [22m[36m108.91 kB[39m[2m | [22m
[32mchunk-FZD7ACQ6.js[39m  [2m | [22m[2m-[22m                      [2m | [22m[36m106.99 kB[39m[2m | [22m
[2m...and 203 more lazy chunks files. Use "--verbose" to show all the files.[22m

Application bundle generation complete. [1.792 seconds]

Page reload sent to client(s).
[33m>[39m Changes detected. Rebuilding...
[32m√[39m Changes detected. Rebuilding...
[1mInitial chunk files[22m[2m | [22m[1mNames[22m              [2m | [22m [1mRaw size[22m
[32mmain.js[39m            [2m | [22m[2mmain[22m               [2m | [22m [36m12.57 kB[39m[2m | [22m

[1mLazy chunk files[22m   [2m | [22m[1mNames[22m              [2m | [22m [1mRaw size[22m
[32mchunk-OLB4JVUC.js[39m  [2m | [22m[2mdashboard-component[22m[2m | [22m[36m511.54 kB[39m[2m | [22m
[32mchunk-H5NZ77YK.js[39m  [2m | [22m[2madmin-routes[22m       [2m | [22m  [36m6.88 kB[39m[2m | [22m
[32mchunk-H4TB2MA7.js[39m  [2m | [22m[2mclient-routes[22m      [2m | [22m  [36m2.84 kB[39m[2m | [22m
[32mchunk-NLGQ62YO.js[39m  [2m | [22m[2mdashboard-routes[22m   [2m | [22m  [36m1.27 kB[39m[2m | [22m

Application bundle generation complete. [1.736 seconds]

Page reload sent to client(s).
[33m>[39m Changes detected. Rebuilding...
[32m√[39m Changes detected. Rebuilding...
[1mInitial chunk files[22m[2m | [22m[1mNames[22m              [2m | [22m [1mRaw size[22m
[32mmain.js[39m            [2m | [22m[2mmain[22m               [2m | [22m [36m12.57 kB[39m[2m | [22m

[1mLazy chunk files[22m   [2m | [22m[1mNames[22m              [2m | [22m [1mRaw size[22m
[32mchunk-KO2HS2YM.js[39m  [2m | [22m[2mdashboard-component[22m[2m | [22m[36m511.74 kB[39m[2m | [22m
[32mchunk-VISXV3F6.js[39m  [2m | [22m[2madmin-routes[22m       [2m | [22m  [36m6.88 kB[39m[2m | [22m
[32mchunk-VVQT4AQG.js[39m  [2m | [22m[2mclient-routes[22m      [2m | [22m  [36m2.84 kB[39m[2m | [22m
[32mchunk-PPCNWFZW.js[39m  [2m | [22m[2mdashboard-routes[22m   [2m | [22m  [36m1.27 kB[39m[2m | [22m

Application bundle generation complete. [2.531 seconds]

Page reload sent to client(s).
[33m>[39m Changes detected. Rebuilding...
[32m√[39m Changes detected. Rebuilding...
[1mInitial chunk files[22m[2m | [22m[1mNames[22m              [2m | [22m [1mRaw size[22m
[32mmain.js[39m            [2m | [22m[2mmain[22m               [2m | [22m [36m12.57 kB[39m[2m | [22m

[1mLazy chunk files[22m   [2m | [22m[1mNames[22m              [2m | [22m [1mRaw size[22m
[32mchunk-CYN4ZUPJ.js[39m  [2m | [22m[2mdashboard-component[22m[2m | [22m[36m513.42 kB[39m[2m | [22m
[32mchunk-22CNQLPV.js[39m  [2m | [22m[2madmin-routes[22m       [2m | [22m  [36m6.88 kB[39m[2m | [22m
[32mchunk-W4DCF4NR.js[39m  [2m | [22m[2mclient-routes[22m      [2m | [22m  [36m2.84 kB[39m[2m | [22m
[32mchunk-NSKLDS3I.js[39m  [2m | [22m[2mdashboard-routes[22m   [2m | [22m  [36m1.27 kB[39m[2m | [22m

Application bundle generation complete. [2.760 seconds]

Page reload sent to client(s).
[33m>[39m Changes detected. Rebuilding...
[32m√[39m Changes detected. Rebuilding...
[1mInitial chunk files[22m[2m | [22m[1mNames[22m              [2m | [22m [1mRaw size[22m
[32mmain.js[39m            [2m | [22m[2mmain[22m               [2m | [22m [36m12.57 kB[39m[2m | [22m

[1mLazy chunk files[22m   [2m | [22m[1mNames[22m              [2m | [22m [1mRaw size[22m
[32mchunk-YQ7PEEQL.js[39m  [2m | [22m[2mdashboard-component[22m[2m | [22m[36m516.38 kB[39m[2m | [22m
[32mchunk-B6XAAZMX.js[39m  [2m | [22m[2madmin-routes[22m       [2m | [22m  [36m6.88 kB[39m[2m | [22m
[32mchunk-XMXI6VJ4.js[39m  [2m | [22m[2mclient-routes[22m      [2m | [22m  [36m2.84 kB[39m[2m | [22m
[32mchunk-JBBGKQOD.js[39m  [2m | [22m[2mdashboard-routes[22m   [2m | [22m  [36m1.27 kB[39m[2m | [22m

Application bundle generation complete. [2.537 seconds]

Page reload sent to client(s).
[33m>[39m Changes detected. Rebuilding...
[32m√[39m Changes detected. Rebuilding...
[1mInitial chunk files[22m[2m | [22m[1mNames[22m              [2m | [22m [1mRaw size[22m
[32mmain.js[39m            [2m | [22m[2mmain[22m               [2m | [22m [36m12.57 kB[39m[2m | [22m

[1mLazy chunk files[22m   [2m | [22m[1mNames[22m              [2m | [22m [1mRaw size[22m
[32mchunk-DU5ID5KG.js[39m  [2m | [22m[2mdashboard-component[22m[2m | [22m[36m516.38 kB[39m[2m | [22m
[32mchunk-BPNGMZ6A.js[39m  [2m | [22m[2madmin-routes[22m       [2m | [22m  [36m6.88 kB[39m[2m | [22m
[32mchunk-VZJJTILV.js[39m  [2m | [22m[2mclient-routes[22m      [2m | [22m  [36m2.84 kB[39m[2m | [22m
[32mchunk-XSNUSDWB.js[39m  [2m | [22m[2mdashboard-routes[22m   [2m | [22m  [36m1.27 kB[39m[2m | [22m

Application bundle generation complete. [2.465 seconds]

Page reload sent to client(s).
[33m>[39m Changes detected. Rebuilding...
[32m√[39m Changes detected. Rebuilding...

No output file changes.

Application bundle generation complete. [2.599 seconds]

[33m>[39m Changes detected. Rebuilding...
[32m√[39m Changes detected. Rebuilding...
Application bundle generation failed. [6.301 seconds]

[1m[31m[31mX [41;31m[[41;97mERROR[41;31m][0m [1mNG9: Property 'headerChips' does not exist on type 'SpkTicketActivityWidgetComponent'.[0m [1m[35m[plugin angular-compiler][0m

    src/app/@spk/reusable-dashboard/spk-ticket-activity-widget/spk-ticket-activity-widget.component.html:13:66:
[37m      13 │ ...ass="ticket-activity-card__chip" *ngFor="let chip of [32mheaderChips[37m">
         ╵                                                         [32m~~~~~~~~~~~[0m

  Error occurs in the template of component SpkTicketActivityWidgetComponent.

    src/app/@spk/reusable-dashboard/spk-ticket-activity-widget/spk-ticket-activity-widget.component.ts:37:15:
[37m      37 │   templateUrl: [32m'./spk-ticket-activity-widget.component.html'[37m,
         ╵                [32m~~~~~~~~~~~~~~~~~~~~~~~~~~~~~~~~~~~~~~~~~~~~~[0m

[39m[22m
[33m>[39m Changes detected. Rebuilding...
[32m√[39m Changes detected. Rebuilding...
[1mInitial chunk files[22m[2m | [22m[1mNames[22m                  [2m | [22m [1mRaw size[22m
[32mstyles.css[39m         [2m | [22m[2mstyles[22m                 [2m | [22m  [36m2.77 MB[39m[2m | [22m
[32mchunk-IWYN7XQY.js[39m  [2m | [22m[2m-[22m                      [2m | [22m[36m364.14 kB[39m[2m | [22m
[32mscripts.js[39m         [2m | [22m[2mscripts[22m                [2m | [22m[36m107.51 kB[39m[2m | [22m
[32mpolyfills.js[39m       [2m | [22m[2mpolyfills[22m              [2m | [22m [36m91.33 kB[39m[2m | [22m
[32mchunk-WHLG75XP.js[39m  [2m | [22m[2m-[22m                      [2m | [22m [36m29.59 kB[39m[2m | [22m
[32mmain.js[39m            [2m | [22m[2mmain[22m                   [2m | [22m [36m12.57 kB[39m[2m | [22m
[32mchunk-YEV5L5GY.js[39m  [2m | [22m[2m-[22m                      [2m | [22m [36m10.90 kB[39m[2m | [22m
[32mchunk-XUNQ54CZ.js[39m  [2m | [22m[2m-[22m                      [2m | [22m  [36m6.13 kB[39m[2m | [22m
[32mchunk-EVSPGG2W.js[39m  [2m | [22m[2m-[22m                      [2m | [22m  [36m1.64 kB[39m[2m | [22m
[32mchunk-HKK3KHZW.js[39m  [2m | [22m[2m-[22m                      [2m | [22m[36m716 bytes[39m[2m | [22m

[1m [22m                  [2m | [22m[1mInitial total[22m          [2m | [22m  [1m3.39 MB[22m

[1mLazy chunk files[22m   [2m | [22m[1mNames[22m                  [2m | [22m [1mRaw size[22m
[32mchunk-LNDRTWYO.js[39m  [2m | [22m[2mdashboard-component[22m    [2m | [22m[36m515.43 kB[39m[2m | [22m
[32mchunk-WRFMJCC7.js[39m  [2m | [22m[2mnavs-tabs-component[22m    [2m | [22m[36m320.26 kB[39m[2m | [22m
[32mchunk-LGFZBYN2.js[39m  [2m | [22m[2mmodals-closes-component[22m[2m | [22m[36m267.67 kB[39m[2m | [22m
[32mchunk-OUQDONXP.js[39m  [2m | [22m[2mtables-component[22m       [2m | [22m[36m200.99 kB[39m[2m | [22m
[32mchunk-ESGU2E3S.js[39m  [2m | [22m[2mcards-component[22m        [2m | [22m[36m175.87 kB[39m[2m | [22m
[32mchunk-N4VHP2LZ.js[39m  [2m | [22m[2mfleet-map-component[22m    [2m | [22m[36m169.60 kB[39m[2m | [22m
[32mchunk-EV526D6P.js[39m  [2m | [22m[2malerts-component[22m       [2m | [22m[36m160.78 kB[39m[2m | [22m
[32mchunk-4F2NRI2J.js[39m  [2m | [22m[2mdropdowns-component[22m    [2m | [22m[36m151.67 kB[39m[2m | [22m
[32mchunk-DCXRWFQH.js[39m  [2m | [22m[2mchat-component[22m         [2m | [22m[36m134.03 kB[39m[2m | [22m
[32mchunk-LRTCVYM5.js[39m  [2m | [22m[2mprofile-component[22m      [2m | [22m[36m128.46 kB[39m[2m | [22m
[32mchunk-GQTYVTHA.js[39m  [2m | [22m[2mchecks-radios-component[22m[2m | [22m[36m114.93 kB[39m[2m | [22m
[32mchunk-PEEHENY7.js[39m  [2m | [22m[2mvehicle-view-component[22m [2m | [22m[36m114.88 kB[39m[2m | [22m
[32mchunk-3NHSGSFH.js[39m  [2m | [22m[2micons-component[22m        [2m | [22m[36m112.98 kB[39m[2m | [22m
[32mchunk-Z6SLXR7E.js[39m  [2m | [22m[2mnavbar-component[22m       [2m | [22m[36m108.91 kB[39m[2m | [22m
[32mchunk-FZD7ACQ6.js[39m  [2m | [22m[2m-[22m                      [2m | [22m[36m106.99 kB[39m[2m | [22m
[2m...and 203 more lazy chunks files. Use "--verbose" to show all the files.[22m

Application bundle generation complete. [4.007 seconds]

Page reload sent to client(s).
[33m>[39m Changes detected. Rebuilding...
[32m√[39m Changes detected. Rebuilding...
Application bundle generation failed. [4.401 seconds]

[1m[31m[31mX [41;31m[[41;97mERROR[41;31m][0m [1mTS-992008: Could not find stylesheet file './spk-ticket-activity-widget.component.scss'.[0m [1m[35m[plugin angular-compiler][0m

    src/app/@spk/reusable-dashboard/spk-ticket-activity-widget/spk-ticket-activity-widget.component.ts:38:12:
[37m      38 │   styleUrl: [32m'./spk-ticket-activity-widget.component.scss'[37m,
         ╵             [32m~~~~~~~~~~~~~~~~~~~~~~~~~~~~~~~~~~~~~~~~~~~~~[0m

[39m[22m
[33m>[39m Changes detected. Rebuilding...
[32m√[39m Changes detected. Rebuilding...
Application bundle generation failed. [0.008 seconds]

[1m[31m[31mX [41;31m[[41;97mERROR[41;31m][0m [1mTS-992008: Could not find stylesheet file './spk-ticket-activity-widget.component.scss'.[0m [1m[35m[plugin angular-compiler][0m

    src/app/@spk/reusable-dashboard/spk-ticket-activity-widget/spk-ticket-activity-widget.component.ts:38:12:
[37m      38 │   styleUrl: [32m'./spk-ticket-activity-widget.component.scss'[37m,
         ╵             [32m~~~~~~~~~~~~~~~~~~~~~~~~~~~~~~~~~~~~~~~~~~~~~[0m

[39m[22m
[33m>[39m Changes detected. Rebuilding...
[32m√[39m Changes detected. Rebuilding...
Application bundle generation failed. [6.454 seconds]

[1m[31m[31mX [41;31m[[41;97mERROR[41;31m][0m [1mTS-992008: Could not find stylesheet file './spk-ticket-activity-widget.component.scss'.[0m [1m[35m[plugin angular-compiler][0m

    src/app/@spk/reusable-dashboard/spk-ticket-activity-widget/spk-ticket-activity-widget.component.ts:38:12:
[37m      38 │   styleUrl: [32m'./spk-ticket-activity-widget.component.scss'[37m,
         ╵             [32m~~~~~~~~~~~~~~~~~~~~~~~~~~~~~~~~~~~~~~~~~~~~~[0m

[39m[22m
[33m>[39m Changes detected. Rebuilding...
[32m√[39m Changes detected. Rebuilding...
Application bundle generation failed. [7.952 seconds]

[1m[31m[31mX [41;31m[[41;97mERROR[41;31m][0m [1mTS-992008: Could not find stylesheet file './spk-ticket-activity-widget.component.scss'.[0m [1m[35m[plugin angular-compiler][0m

    src/app/@spk/reusable-dashboard/spk-ticket-activity-widget/spk-ticket-activity-widget.component.ts:38:12:
[37m      38 │   styleUrl: [32m'./spk-ticket-activity-widget.component.scss'[37m,
         ╵             [32m~~~~~~~~~~~~~~~~~~~~~~~~~~~~~~~~~~~~~~~~~~~~~[0m

[39m[22m
[33m>[39m Changes detected. Rebuilding...
[32m√[39m Changes detected. Rebuilding...
Application bundle generation failed. [5.747 seconds]

[1m[31m[31mX [41;31m[[41;97mERROR[41;31m][0m [1mTS-992008: Could not find stylesheet file './spk-ticket-activity-widget.component.scss'.[0m [1m[35m[plugin angular-compiler][0m

    src/app/@spk/reusable-dashboard/spk-ticket-activity-widget/spk-ticket-activity-widget.component.ts:38:12:
[37m      38 │   styleUrl: [32m'./spk-ticket-activity-widget.component.scss'[37m,
         ╵             [32m~~~~~~~~~~~~~~~~~~~~~~~~~~~~~~~~~~~~~~~~~~~~~[0m

[39m[22m
[33m>[39m Changes detected. Rebuilding...
[32m√[39m Changes detected. Rebuilding...
Application bundle generation failed. [9.575 seconds]

[1m[31m[31mX [41;31m[[41;97mERROR[41;31m][0m [1mTS-992008: Could not find stylesheet file './spk-ticket-activity-widget.component.scss'.[0m [1m[35m[plugin angular-compiler][0m

    src/app/@spk/reusable-dashboard/spk-ticket-activity-widget/spk-ticket-activity-widget.component.ts:38:12:
[37m      38 │   styleUrl: [32m'./spk-ticket-activity-widget.component.scss'[37m,
         ╵             [32m~~~~~~~~~~~~~~~~~~~~~~~~~~~~~~~~~~~~~~~~~~~~~[0m

[39m[22m
[33m>[39m Changes detected. Rebuilding...
[32m√[39m Changes detected. Rebuilding...
Application bundle generation failed. [5.785 seconds]

[1m[31m[31mX [41;31m[[41;97mERROR[41;31m][0m [1mTS-992008: Could not find stylesheet file './spk-ticket-activity-widget.component.scss'.[0m [1m[35m[plugin angular-compiler][0m

    src/app/@spk/reusable-dashboard/spk-ticket-activity-widget/spk-ticket-activity-widget.component.ts:38:12:
[37m      38 │   styleUrl: [32m'./spk-ticket-activity-widget.component.scss'[37m,
         ╵             [32m~~~~~~~~~~~~~~~~~~~~~~~~~~~~~~~~~~~~~~~~~~~~~[0m

[39m[22m
[33m>[39m Changes detected. Rebuilding...
[32m√[39m Changes detected. Rebuilding...
Application bundle generation failed. [6.904 seconds]

[1m[31m[31mX [41;31m[[41;97mERROR[41;31m][0m [1mTS-992008: Could not find stylesheet file './spk-ticket-activity-widget.component.scss'.[0m [1m[35m[plugin angular-compiler][0m

    src/app/@spk/reusable-dashboard/spk-ticket-activity-widget/spk-ticket-activity-widget.component.ts:38:12:
[37m      38 │   styleUrl: [32m'./spk-ticket-activity-widget.component.scss'[37m,
         ╵             [32m~~~~~~~~~~~~~~~~~~~~~~~~~~~~~~~~~~~~~~~~~~~~~[0m

[39m[22m
[33m>[39m Changes detected. Rebuilding...
[32m√[39m Changes detected. Rebuilding...
Application bundle generation failed. [7.742 seconds]

[1m[31m[31mX [41;31m[[41;97mERROR[41;31m][0m [1mTS-992008: Could not find stylesheet file './spk-ticket-activity-widget.component.scss'.[0m [1m[35m[plugin angular-compiler][0m

    src/app/@spk/reusable-dashboard/spk-ticket-activity-widget/spk-ticket-activity-widget.component.ts:38:12:
[37m      38 │   styleUrl: [32m'./spk-ticket-activity-widget.component.scss'[37m,
         ╵             [32m~~~~~~~~~~~~~~~~~~~~~~~~~~~~~~~~~~~~~~~~~~~~~[0m

[39m[22m
[33m>[39m Changes detected. Rebuilding...
[32m√[39m Changes detected. Rebuilding...
Application bundle generation failed. [6.933 seconds]

[1m[31m[31mX [41;31m[[41;97mERROR[41;31m][0m [1mTS-992008: Could not find stylesheet file './spk-ticket-activity-widget.component.scss'.[0m [1m[35m[plugin angular-compiler][0m

    src/app/@spk/reusable-dashboard/spk-ticket-activity-widget/spk-ticket-activity-widget.component.ts:38:12:
[37m      38 │   styleUrl: [32m'./spk-ticket-activity-widget.component.scss'[37m,
         ╵             [32m~~~~~~~~~~~~~~~~~~~~~~~~~~~~~~~~~~~~~~~~~~~~~[0m

[39m[22m
[33m>[39m Changes detected. Rebuilding...
[32m√[39m Changes detected. Rebuilding...
Application bundle generation failed. [6.856 seconds]

[1m[31m[31mX [41;31m[[41;97mERROR[41;31m][0m [1mTS-992008: Could not find stylesheet file './spk-ticket-activity-widget.component.scss'.[0m [1m[35m[plugin angular-compiler][0m

    src/app/@spk/reusable-dashboard/spk-ticket-activity-widget/spk-ticket-activity-widget.component.ts:38:12:
[37m      38 │   styleUrl: [32m'./spk-ticket-activity-widget.component.scss'[37m,
         ╵             [32m~~~~~~~~~~~~~~~~~~~~~~~~~~~~~~~~~~~~~~~~~~~~~[0m

[39m[22m
[33m>[39m Changes detected. Rebuilding...
[32m√[39m Changes detected. Rebuilding...
Application bundle generation failed. [27.524 seconds]

[1m[31m[31mX [41;31m[[41;97mERROR[41;31m][0m [1mTS-992008: Could not find stylesheet file './spk-ticket-activity-widget.component.scss'.[0m [1m[35m[plugin angular-compiler][0m

    src/app/@spk/reusable-dashboard/spk-ticket-activity-widget/spk-ticket-activity-widget.component.ts:38:12:
[37m      38 │   styleUrl: [32m'./spk-ticket-activity-widget.component.scss'[37m,
         ╵             [32m~~~~~~~~~~~~~~~~~~~~~~~~~~~~~~~~~~~~~~~~~~~~~[0m


[31mX [41;31m[[41;97mERROR[41;31m][0m [1mTS2554: Expected 1 arguments, but got 2.[0m [1m[35m[plugin angular-compiler][0m

    src/app/shared/services/dashboard-projects.service.ts:882:74:
[37m      882 │ ...p((response) => aggregateTicketCreationActivity(response.items, [32m{[37m
          ╵                                                                    [32m^[0m

[39m[22m
[33m>[39m Changes detected. Rebuilding...
[32m√[39m Changes detected. Rebuilding...
Application bundle generation failed. [16.706 seconds]

[1m[31m[31mX [41;31m[[41;97mERROR[41;31m][0m [1mTS-992008: Could not find stylesheet file './spk-ticket-activity-widget.component.scss'.[0m [1m[35m[plugin angular-compiler][0m

    src/app/@spk/reusable-dashboard/spk-ticket-activity-widget/spk-ticket-activity-widget.component.ts:38:12:
[37m      38 │   styleUrl: [32m'./spk-ticket-activity-widget.component.scss'[37m,
         ╵             [32m~~~~~~~~~~~~~~~~~~~~~~~~~~~~~~~~~~~~~~~~~~~~~[0m

[39m[22m
[33m>[39m Changes detected. Rebuilding...
[32m√[39m Changes detected. Rebuilding...
Application bundle generation failed. [12.685 seconds]

[1m[31m[31mX [41;31m[[41;97mERROR[41;31m][0m [1mTS-992008: Could not find stylesheet file './spk-ticket-activity-widget.component.scss'.[0m [1m[35m[plugin angular-compiler][0m

    src/app/@spk/reusable-dashboard/spk-ticket-activity-widget/spk-ticket-activity-widget.component.ts:38:12:
[37m      38 │   styleUrl: [32m'./spk-ticket-activity-widget.component.scss'[37m,
         ╵             [32m~~~~~~~~~~~~~~~~~~~~~~~~~~~~~~~~~~~~~~~~~~~~~[0m

[39m[22m
[33m>[39m Changes detected. Rebuilding...
[32m√[39m Changes detected. Rebuilding...
Application bundle generation failed. [5.535 seconds]

[1m[31m[31mX [41;31m[[41;97mERROR[41;31m][0m [1mTS-992008: Could not find stylesheet file './spk-ticket-activity-widget.component.scss'.[0m [1m[35m[plugin angular-compiler][0m

    src/app/@spk/reusable-dashboard/spk-ticket-activity-widget/spk-ticket-activity-widget.component.ts:38:12:
[37m      38 │   styleUrl: [32m'./spk-ticket-activity-widget.component.scss'[37m,
         ╵             [32m~~~~~~~~~~~~~~~~~~~~~~~~~~~~~~~~~~~~~~~~~~~~~[0m

[39m[22m
[33m>[39m Changes detected. Rebuilding...
[32m√[39m Changes detected. Rebuilding...
Application bundle generation failed. [8.828 seconds]

[1m[31m[31mX [41;31m[[41;97mERROR[41;31m][0m [1mTS-992008: Could not find stylesheet file './spk-ticket-activity-widget.component.scss'.[0m [1m[35m[plugin angular-compiler][0m

    src/app/@spk/reusable-dashboard/spk-ticket-activity-widget/spk-ticket-activity-widget.component.ts:38:12:
[37m      38 │   styleUrl: [32m'./spk-ticket-activity-widget.component.scss'[37m,
         ╵             [32m~~~~~~~~~~~~~~~~~~~~~~~~~~~~~~~~~~~~~~~~~~~~~[0m

[39m[22m
[33m>[39m Changes detected. Rebuilding...
[32m√[39m Changes detected. Rebuilding...
Application bundle generation failed. [7.022 seconds]

[1m[31m[31mX [41;31m[[41;97mERROR[41;31m][0m [1mTS-992008: Could not find stylesheet file './spk-ticket-activity-widget.component.scss'.[0m [1m[35m[plugin angular-compiler][0m

    src/app/@spk/reusable-dashboard/spk-ticket-activity-widget/spk-ticket-activity-widget.component.ts:38:12:
[37m      38 │   styleUrl: [32m'./spk-ticket-activity-widget.component.scss'[37m,
         ╵             [32m~~~~~~~~~~~~~~~~~~~~~~~~~~~~~~~~~~~~~~~~~~~~~[0m

[39m[22m
[33m>[39m Changes detected. Rebuilding...
[32m√[39m Changes detected. Rebuilding...
Application bundle generation failed. [8.687 seconds]

[1m[31m[31mX [41;31m[[41;97mERROR[41;31m][0m [1mTS-992008: Could not find stylesheet file './spk-ticket-activity-widget.component.scss'.[0m [1m[35m[plugin angular-compiler][0m

    src/app/@spk/reusable-dashboard/spk-ticket-activity-widget/spk-ticket-activity-widget.component.ts:38:12:
[37m      38 │   styleUrl: [32m'./spk-ticket-activity-widget.component.scss'[37m,
         ╵             [32m~~~~~~~~~~~~~~~~~~~~~~~~~~~~~~~~~~~~~~~~~~~~~[0m

[39m[22m
[33m>[39m Changes detected. Rebuilding...
[32m√[39m Changes detected. Rebuilding...
Application bundle generation failed. [15.397 seconds]

[1m[31m[31mX [41;31m[[41;97mERROR[41;31m][0m [1mTS-992008: Could not find stylesheet file './spk-ticket-activity-widget.component.scss'.[0m [1m[35m[plugin angular-compiler][0m

    src/app/@spk/reusable-dashboard/spk-ticket-activity-widget/spk-ticket-activity-widget.component.ts:38:12:
[37m      38 │   styleUrl: [32m'./spk-ticket-activity-widget.component.scss'[37m,
         ╵             [32m~~~~~~~~~~~~~~~~~~~~~~~~~~~~~~~~~~~~~~~~~~~~~[0m

[39m[22m
[33m>[39m Changes detected. Rebuilding...
[32m√[39m Changes detected. Rebuilding...
Application bundle generation failed. [11.800 seconds]

[1m[31m[31mX [41;31m[[41;97mERROR[41;31m][0m [1mTS-992008: Could not find stylesheet file './spk-ticket-activity-widget.component.scss'.[0m [1m[35m[plugin angular-compiler][0m

    src/app/@spk/reusable-dashboard/spk-ticket-activity-widget/spk-ticket-activity-widget.component.ts:38:12:
[37m      38 │   styleUrl: [32m'./spk-ticket-activity-widget.component.scss'[37m,
         ╵             [32m~~~~~~~~~~~~~~~~~~~~~~~~~~~~~~~~~~~~~~~~~~~~~[0m

[39m[22m
[33m>[39m Changes detected. Rebuilding...
[32m√[39m Changes detected. Rebuilding...
Application bundle generation failed. [7.666 seconds]

[1m[31m[31mX [41;31m[[41;97mERROR[41;31m][0m [1mTS-992008: Could not find stylesheet file './spk-ticket-activity-widget.component.scss'.[0m [1m[35m[plugin angular-compiler][0m

    src/app/@spk/reusable-dashboard/spk-ticket-activity-widget/spk-ticket-activity-widget.component.ts:38:12:
[37m      38 │   styleUrl: [32m'./spk-ticket-activity-widget.component.scss'[37m,
         ╵             [32m~~~~~~~~~~~~~~~~~~~~~~~~~~~~~~~~~~~~~~~~~~~~~[0m

[39m[22m
[33m>[39m Changes detected. Rebuilding...
[32m√[39m Changes detected. Rebuilding...
[1mInitial chunk files[22m[2m | [22m[1mNames[22m                  [2m | [22m [1mRaw size[22m
[32mstyles.css[39m         [2m | [22m[2mstyles[22m                 [2m | [22m  [36m2.77 MB[39m[2m | [22m
[32mchunk-IWYN7XQY.js[39m  [2m | [22m[2m-[22m                      [2m | [22m[36m364.14 kB[39m[2m | [22m
[32mscripts.js[39m         [2m | [22m[2mscripts[22m                [2m | [22m[36m107.51 kB[39m[2m | [22m
[32mpolyfills.js[39m       [2m | [22m[2mpolyfills[22m              [2m | [22m [36m91.33 kB[39m[2m | [22m
[32mchunk-WHLG75XP.js[39m  [2m | [22m[2m-[22m                      [2m | [22m [36m29.59 kB[39m[2m | [22m
[32mmain.js[39m            [2m | [22m[2mmain[22m                   [2m | [22m [36m12.57 kB[39m[2m | [22m
[32mchunk-YEV5L5GY.js[39m  [2m | [22m[2m-[22m                      [2m | [22m [36m10.90 kB[39m[2m | [22m
[32mchunk-XUNQ54CZ.js[39m  [2m | [22m[2m-[22m                      [2m | [22m  [36m6.13 kB[39m[2m | [22m
[32mchunk-EVSPGG2W.js[39m  [2m | [22m[2m-[22m                      [2m | [22m  [36m1.64 kB[39m[2m | [22m
[32mchunk-HKK3KHZW.js[39m  [2m | [22m[2m-[22m                      [2m | [22m[36m716 bytes[39m[2m | [22m

[1m [22m                  [2m | [22m[1mInitial total[22m          [2m | [22m  [1m3.39 MB[22m

[1mLazy chunk files[22m   [2m | [22m[1mNames[22m                  [2m | [22m [1mRaw size[22m
[32mchunk-N6BGGCG3.js[39m  [2m | [22m[2mdashboard-component[22m    [2m | [22m[36m545.67 kB[39m[2m | [22m
[32mchunk-WRFMJCC7.js[39m  [2m | [22m[2mnavs-tabs-component[22m    [2m | [22m[36m320.26 kB[39m[2m | [22m
[32mchunk-LGFZBYN2.js[39m  [2m | [22m[2mmodals-closes-component[22m[2m | [22m[36m267.67 kB[39m[2m | [22m
[32mchunk-OUQDONXP.js[39m  [2m | [22m[2mtables-component[22m       [2m | [22m[36m200.99 kB[39m[2m | [22m
[32mchunk-ESGU2E3S.js[39m  [2m | [22m[2mcards-component[22m        [2m | [22m[36m175.87 kB[39m[2m | [22m
[32mchunk-N4VHP2LZ.js[39m  [2m | [22m[2mfleet-map-component[22m    [2m | [22m[36m169.60 kB[39m[2m | [22m
[32mchunk-EV526D6P.js[39m  [2m | [22m[2malerts-component[22m       [2m | [22m[36m160.78 kB[39m[2m | [22m
[32mchunk-4F2NRI2J.js[39m  [2m | [22m[2mdropdowns-component[22m    [2m | [22m[36m151.67 kB[39m[2m | [22m
[32mchunk-DCXRWFQH.js[39m  [2m | [22m[2mchat-component[22m         [2m | [22m[36m134.03 kB[39m[2m | [22m
[32mchunk-LRTCVYM5.js[39m  [2m | [22m[2mprofile-component[22m      [2m | [22m[36m128.46 kB[39m[2m | [22m
[32mchunk-GQTYVTHA.js[39m  [2m | [22m[2mchecks-radios-component[22m[2m | [22m[36m114.93 kB[39m[2m | [22m
[32mchunk-PEEHENY7.js[39m  [2m | [22m[2mvehicle-view-component[22m [2m | [22m[36m114.88 kB[39m[2m | [22m
[32mchunk-3NHSGSFH.js[39m  [2m | [22m[2micons-component[22m        [2m | [22m[36m112.98 kB[39m[2m | [22m
[32mchunk-Z6SLXR7E.js[39m  [2m | [22m[2mnavbar-component[22m       [2m | [22m[36m108.91 kB[39m[2m | [22m
[32mchunk-FZD7ACQ6.js[39m  [2m | [22m[2m-[22m                      [2m | [22m[36m106.99 kB[39m[2m | [22m
[2m...and 205 more lazy chunks files. Use "--verbose" to show all the files.[22m

Application bundle generation complete. [5.243 seconds]

Page reload sent to client(s).
[33m>[39m Changes detected. Rebuilding...
[32m√[39m Changes detected. Rebuilding...
[1mInitial chunk files[22m[2m | [22m[1mNames[22m              [2m | [22m [1mRaw size[22m
[32mmain.js[39m            [2m | [22m[2mmain[22m               [2m | [22m [36m12.57 kB[39m[2m | [22m

[1mLazy chunk files[22m   [2m | [22m[1mNames[22m              [2m | [22m [1mRaw size[22m
[32mchunk-IN2QWZ2A.js[39m  [2m | [22m[2mdashboard-component[22m[2m | [22m[36m554.32 kB[39m[2m | [22m
[32mchunk-JHV6GVHK.js[39m  [2m | [22m[2madmin-routes[22m       [2m | [22m  [36m6.88 kB[39m[2m | [22m
[32mchunk-2GIXMC3I.js[39m  [2m | [22m[2mclient-routes[22m      [2m | [22m  [36m2.84 kB[39m[2m | [22m
[32mchunk-PVD6M5TW.js[39m  [2m | [22m[2mdashboard-routes[22m   [2m | [22m  [36m1.27 kB[39m[2m | [22m

Application bundle generation complete. [5.948 seconds]

Page reload sent to client(s).
[33m>[39m Changes detected. Rebuilding...
[32m√[39m Changes detected. Rebuilding...
[1mInitial chunk files[22m[2m | [22m[1mNames[22m                            [2m | [22m [1mRaw size[22m
[32mmain.js[39m            [2m | [22m[2mmain[22m                             [2m | [22m [36m12.57 kB[39m[2m | [22m

[1mLazy chunk files[22m   [2m | [22m[1mNames[22m                            [2m | [22m [1mRaw size[22m
[32mchunk-XWX5DDOK.js[39m  [2m | [22m[2mdashboard-component[22m              [2m | [22m[36m554.32 kB[39m[2m | [22m
[32mchunk-FAM6RMUQ.js[39m  [2m | [22m[2mvehicle-station-tracker-component[22m[2m | [22m[36m106.60 kB[39m[2m | [22m
[32mchunk-FQAVYXPS.js[39m  [2m | [22m[2mvehicle-ticket-report-component[22m  [2m | [22m [36m95.57 kB[39m[2m | [22m
[32mchunk-YJ6LKAAH.js[39m  [2m | [22m[2mtickets-component[22m                [2m | [22m [36m89.80 kB[39m[2m | [22m
[32mchunk-A7KNE3IT.js[39m  [2m | [22m[2mticket-reports-component[22m         [2m | [22m [36m87.86 kB[39m[2m | [22m
[32mchunk-UGOXP3OO.js[39m  [2m | [22m[2mvehicle-final-reports-component[22m  [2m | [22m [36m63.89 kB[39m[2m | [22m
[32mchunk-2UDVTBN2.js[39m  [2m | [22m[2msnags-component[22m                  [2m | [22m [36m58.20 kB[39m[2m | [22m
[32mchunk-FOXCHFXN.js[39m  [2m | [22m[2m-[22m                                [2m | [22m [36m48.27 kB[39m[2m | [22m
[32mchunk-4BGBF2NK.js[39m  [2m | [22m[2mproject-list-component[22m           [2m | [22m [36m46.21 kB[39m[2m | [22m
[32mchunk-SX7IOG7A.js[39m  [2m | [22m[2m-[22m                                [2m | [22m [36m25.56 kB[39m[2m | [22m
[32mchunk-P4QISUUL.js[39m  [2m | [22m[2m-[22m                                [2m | [22m [36m14.14 kB[39m[2m | [22m
[32mchunk-QH6WWJGX.js[39m  [2m | [22m[2madmin-routes[22m                     [2m | [22m  [36m6.88 kB[39m[2m | [22m
[32mchunk-6ZSVZICS.js[39m  [2m | [22m[2mclient-routes[22m                    [2m | [22m  [36m2.84 kB[39m[2m | [22m
[32mchunk-NVRKPSG5.js[39m  [2m | [22m[2mdashboard-routes[22m                 [2m | [22m  [36m1.27 kB[39m[2m | [22m
[32mchunk-DPMX6GF5.js[39m  [2m | [22m[2mreports-routes[22m                   [2m | [22m  [36m1.25 kB[39m[2m | [22m
[2m...and 1 more lazy chunks files. Use "--verbose" to show all the files.[22m

Application bundle generation complete. [26.651 seconds]

Page reload sent to client(s).
[33m>[39m Changes detected. Rebuilding...
[32m√[39m Changes detected. Rebuilding...
[1mInitial chunk files[22m[2m | [22m[1mNames[22m              [2m | [22m [1mRaw size[22m
[32mmain.js[39m            [2m | [22m[2mmain[22m               [2m | [22m [36m12.57 kB[39m[2m | [22m

[1mLazy chunk files[22m   [2m | [22m[1mNames[22m              [2m | [22m [1mRaw size[22m
[32mchunk-RACJ7FPX.js[39m  [2m | [22m[2mdashboard-component[22m[2m | [22m[36m555.59 kB[39m[2m | [22m
[32mchunk-J2PKCGET.js[39m  [2m | [22m[2madmin-routes[22m       [2m | [22m  [36m6.88 kB[39m[2m | [22m
[32mchunk-LVILKK2C.js[39m  [2m | [22m[2mclient-routes[22m      [2m | [22m  [36m2.84 kB[39m[2m | [22m
[32mchunk-NOPFN6N7.js[39m  [2m | [22m[2mdashboard-routes[22m   [2m | [22m  [36m1.27 kB[39m[2m | [22m

Application bundle generation complete. [26.304 seconds]

Page reload sent to client(s).
[33m>[39m Changes detected. Rebuilding...
[32m√[39m Changes detected. Rebuilding...
[1mInitial chunk files[22m[2m | [22m[1mNames[22m              [2m | [22m [1mRaw size[22m
[32mmain.js[39m            [2m | [22m[2mmain[22m               [2m | [22m [36m12.57 kB[39m[2m | [22m

[1mLazy chunk files[22m   [2m | [22m[1mNames[22m              [2m | [22m [1mRaw size[22m
[32mchunk-XTRMOSIJ.js[39m  [2m | [22m[2mdashboard-component[22m[2m | [22m[36m555.78 kB[39m[2m | [22m
[32mchunk-W43BFEBK.js[39m  [2m | [22m[2madmin-routes[22m       [2m | [22m  [36m6.88 kB[39m[2m | [22m
[32mchunk-7Q4HB62E.js[39m  [2m | [22m[2mclient-routes[22m      [2m | [22m  [36m2.84 kB[39m[2m | [22m
[32mchunk-ZO6MDHFB.js[39m  [2m | [22m[2mdashboard-routes[22m   [2m | [22m  [36m1.27 kB[39m[2m | [22m

Application bundle generation complete. [12.801 seconds]

Page reload sent to client(s).
[33m>[39m Changes detected. Rebuilding...
[32m√[39m Changes detected. Rebuilding...
[1mInitial chunk files[22m[2m | [22m[1mNames[22m              [2m | [22m [1mRaw size[22m
[32mmain.js[39m            [2m | [22m[2mmain[22m               [2m | [22m [36m12.57 kB[39m[2m | [22m

[1mLazy chunk files[22m   [2m | [22m[1mNames[22m              [2m | [22m [1mRaw size[22m
[32mchunk-UZJV2CZ4.js[39m  [2m | [22m[2mdashboard-component[22m[2m | [22m[36m568.29 kB[39m[2m | [22m
[32mchunk-EHDW7DQH.js[39m  [2m | [22m[2madmin-routes[22m       [2m | [22m  [36m6.88 kB[39m[2m | [22m
[32mchunk-UHMXGKAS.js[39m  [2m | [22m[2mclient-routes[22m      [2m | [22m  [36m2.84 kB[39m[2m | [22m
[32mchunk-DI6B6PTC.js[39m  [2m | [22m[2mdashboard-routes[22m   [2m | [22m  [36m1.27 kB[39m[2m | [22m

Application bundle generation complete. [12.910 seconds]

Page reload sent to client(s).
[33m>[39m Changes detected. Rebuilding...
[32m√[39m Changes detected. Rebuilding...
[1mInitial chunk files[22m[2m | [22m[1mNames[22m              [2m | [22m [1mRaw size[22m
[32mmain.js[39m            [2m | [22m[2mmain[22m               [2m | [22m [36m12.57 kB[39m[2m | [22m

[1mLazy chunk files[22m   [2m | [22m[1mNames[22m              [2m | [22m [1mRaw size[22m
[32mchunk-JLCDRIQR.js[39m  [2m | [22m[2mdashboard-component[22m[2m | [22m[36m574.26 kB[39m[2m | [22m
[32mchunk-67KVDUPX.js[39m  [2m | [22m[2madmin-routes[22m       [2m | [22m  [36m6.88 kB[39m[2m | [22m
[32mchunk-2HFCN45T.js[39m  [2m | [22m[2mclient-routes[22m      [2m | [22m  [36m2.84 kB[39m[2m | [22m
[32mchunk-U2TV2NKA.js[39m  [2m | [22m[2mdashboard-routes[22m   [2m | [22m  [36m1.27 kB[39m[2m | [22m

Application bundle generation complete. [6.968 seconds]

Page reload sent to client(s).
[33m>[39m Changes detected. Rebuilding...
[32m√[39m Changes detected. Rebuilding...
[1mInitial chunk files[22m[2m | [22m[1mNames[22m              [2m | [22m [1mRaw size[22m
[32mmain.js[39m            [2m | [22m[2mmain[22m               [2m | [22m [36m12.57 kB[39m[2m | [22m

[1mLazy chunk files[22m   [2m | [22m[1mNames[22m              [2m | [22m [1mRaw size[22m
[32mchunk-OOB6XQV5.js[39m  [2m | [22m[2mdashboard-component[22m[2m | [22m[36m575.61 kB[39m[2m | [22m
[32mchunk-OGULKO4A.js[39m  [2m | [22m[2madmin-routes[22m       [2m | [22m  [36m6.88 kB[39m[2m | [22m
[32mchunk-WAQPKZEE.js[39m  [2m | [22m[2mclient-routes[22m      [2m | [22m  [36m2.84 kB[39m[2m | [22m
[32mchunk-IM64Y5NX.js[39m  [2m | [22m[2mdashboard-routes[22m   [2m | [22m  [36m1.27 kB[39m[2m | [22m

Application bundle generation complete. [24.057 seconds]

Page reload sent to client(s).
[33m>[39m Changes detected. Rebuilding...
[32m√[39m Changes detected. Rebuilding...
Application bundle generation failed. [6.851 seconds]

[1m[31m[31mX [41;31m[[41;97mERROR[41;31m][0m [1mNG1: Property 'headerMeta' does not exist on type 'SpkTicketActivityWidgetComponent'. Did you mean 'heroMeta'?[0m [1m[35m[plugin angular-compiler][0m

    src/app/@spk/reusable-dashboard/spk-ticket-activity-widget/spk-ticket-activity-widget.component.html:13:59:
[37m      13 │ ... <div class="btc-card__meta-item" *ngFor="let item of [32mheaderMeta[37m">
         ╵                                                          [32m~~~~~~~~~~[0m

  Error occurs in the template of component SpkTicketActivityWidgetComponent.

    src/app/@spk/reusable-dashboard/spk-ticket-activity-widget/spk-ticket-activity-widget.component.ts:37:15:
[37m      37 │   templateUrl: [32m'./spk-ticket-activity-widget.component.html'[37m,
         ╵                [32m~~~~~~~~~~~~~~~~~~~~~~~~~~~~~~~~~~~~~~~~~~~~~[0m

[39m[22m
[33m>[39m Changes detected. Rebuilding...
[32m√[39m Changes detected. Rebuilding...
Application bundle generation failed. [6.473 seconds]

[1m[31m[31mX [41;31m[[41;97mERROR[41;31m][0m [1mNG9: Property 'item' does not exist on type 'SpkTicketActivityWidgetComponent'.[0m [1m[35m[plugin angular-compiler][0m

    src/app/@spk/reusable-dashboard/spk-ticket-activity-widget/spk-ticket-activity-widget.component.html:20:46:
[37m      20 │         <span class="btc-card__meta-label">{{ [32mitem[37m.label }}</span>
         ╵                                               [32m~~~~[0m

  Error occurs in the template of component SpkTicketActivityWidgetComponent.

    src/app/@spk/reusable-dashboard/spk-ticket-activity-widget/spk-ticket-activity-widget.component.ts:37:15:
[37m      37 │   templateUrl: [32m'./spk-ticket-activity-widget.component.html'[37m,
         ╵                [32m~~~~~~~~~~~~~~~~~~~~~~~~~~~~~~~~~~~~~~~~~~~~~[0m

[39m[22m
[33m>[39m Changes detected. Rebuilding...
[32m√[39m Changes detected. Rebuilding...
[1mInitial chunk files[22m[2m | [22m[1mNames[22m                  [2m | [22m [1mRaw size[22m
[32mstyles.css[39m         [2m | [22m[2mstyles[22m                 [2m | [22m  [36m2.77 MB[39m[2m | [22m
[32mchunk-IWYN7XQY.js[39m  [2m | [22m[2m-[22m                      [2m | [22m[36m364.14 kB[39m[2m | [22m
[32mscripts.js[39m         [2m | [22m[2mscripts[22m                [2m | [22m[36m107.51 kB[39m[2m | [22m
[32mpolyfills.js[39m       [2m | [22m[2mpolyfills[22m              [2m | [22m [36m91.33 kB[39m[2m | [22m
[32mchunk-WHLG75XP.js[39m  [2m | [22m[2m-[22m                      [2m | [22m [36m29.59 kB[39m[2m | [22m
[32mmain.js[39m            [2m | [22m[2mmain[22m                   [2m | [22m [36m12.57 kB[39m[2m | [22m
[32mchunk-YEV5L5GY.js[39m  [2m | [22m[2m-[22m                      [2m | [22m [36m10.90 kB[39m[2m | [22m
[32mchunk-XUNQ54CZ.js[39m  [2m | [22m[2m-[22m                      [2m | [22m  [36m6.13 kB[39m[2m | [22m
[32mchunk-EVSPGG2W.js[39m  [2m | [22m[2m-[22m                      [2m | [22m  [36m1.64 kB[39m[2m | [22m
[32mchunk-HKK3KHZW.js[39m  [2m | [22m[2m-[22m                      [2m | [22m[36m716 bytes[39m[2m | [22m

[1m [22m                  [2m | [22m[1mInitial total[22m          [2m | [22m  [1m3.39 MB[22m

[1mLazy chunk files[22m   [2m | [22m[1mNames[22m                  [2m | [22m [1mRaw size[22m
[32mchunk-D2AM3M6J.js[39m  [2m | [22m[2mdashboard-component[22m    [2m | [22m[36m576.94 kB[39m[2m | [22m
[32mchunk-WRFMJCC7.js[39m  [2m | [22m[2mnavs-tabs-component[22m    [2m | [22m[36m320.26 kB[39m[2m | [22m
[32mchunk-LGFZBYN2.js[39m  [2m | [22m[2mmodals-closes-component[22m[2m | [22m[36m267.67 kB[39m[2m | [22m
[32mchunk-OUQDONXP.js[39m  [2m | [22m[2mtables-component[22m       [2m | [22m[36m200.99 kB[39m[2m | [22m
[32mchunk-ESGU2E3S.js[39m  [2m | [22m[2mcards-component[22m        [2m | [22m[36m175.87 kB[39m[2m | [22m
[32mchunk-N4VHP2LZ.js[39m  [2m | [22m[2mfleet-map-component[22m    [2m | [22m[36m169.60 kB[39m[2m | [22m
[32mchunk-EV526D6P.js[39m  [2m | [22m[2malerts-component[22m       [2m | [22m[36m160.78 kB[39m[2m | [22m
[32mchunk-4F2NRI2J.js[39m  [2m | [22m[2mdropdowns-component[22m    [2m | [22m[36m151.67 kB[39m[2m | [22m
[32mchunk-DCXRWFQH.js[39m  [2m | [22m[2mchat-component[22m         [2m | [22m[36m134.03 kB[39m[2m | [22m
[32mchunk-LRTCVYM5.js[39m  [2m | [22m[2mprofile-component[22m      [2m | [22m[36m128.46 kB[39m[2m | [22m
[32mchunk-GQTYVTHA.js[39m  [2m | [22m[2mchecks-radios-component[22m[2m | [22m[36m114.93 kB[39m[2m | [22m
[32mchunk-PEEHENY7.js[39m  [2m | [22m[2mvehicle-view-component[22m [2m | [22m[36m114.88 kB[39m[2m | [22m
[32mchunk-3NHSGSFH.js[39m  [2m | [22m[2micons-component[22m        [2m | [22m[36m112.98 kB[39m[2m | [22m
[32mchunk-Z6SLXR7E.js[39m  [2m | [22m[2mnavbar-component[22m       [2m | [22m[36m108.91 kB[39m[2m | [22m
[32mchunk-FZD7ACQ6.js[39m  [2m | [22m[2m-[22m                      [2m | [22m[36m106.99 kB[39m[2m | [22m
[2m...and 205 more lazy chunks files. Use "--verbose" to show all the files.[22m

Application bundle generation complete. [7.359 seconds]

Page reload sent to client(s).
[33m>[39m Changes detected. Rebuilding...
[32m√[39m Changes detected. Rebuilding...
[1mInitial chunk files[22m[2m | [22m[1mNames[22m              [2m | [22m [1mRaw size[22m
[32mmain.js[39m            [2m | [22m[2mmain[22m               [2m | [22m [36m12.57 kB[39m[2m | [22m

[1mLazy chunk files[22m   [2m | [22m[1mNames[22m              [2m | [22m [1mRaw size[22m
[32mchunk-CYAUH2C7.js[39m  [2m | [22m[2mdashboard-component[22m[2m | [22m[36m577.16 kB[39m[2m | [22m
[32mchunk-GJZ2KEGB.js[39m  [2m | [22m[2madmin-routes[22m       [2m | [22m  [36m6.88 kB[39m[2m | [22m
[32mchunk-QFP5VO2X.js[39m  [2m | [22m[2mclient-routes[22m      [2m | [22m  [36m2.84 kB[39m[2m | [22m
[32mchunk-6IZENME2.js[39m  [2m | [22m[2mdashboard-routes[22m   [2m | [22m  [36m1.27 kB[39m[2m | [22m

Application bundle generation complete. [12.071 seconds]

Page reload sent to client(s).
[33m>[39m Changes detected. Rebuilding...
[32m√[39m Changes detected. Rebuilding...
[1mInitial chunk files[22m[2m | [22m[1mNames[22m              [2m | [22m [1mRaw size[22m
[32mmain.js[39m            [2m | [22m[2mmain[22m               [2m | [22m [36m12.57 kB[39m[2m | [22m

[1mLazy chunk files[22m   [2m | [22m[1mNames[22m              [2m | [22m [1mRaw size[22m
[32mchunk-TE2464GK.js[39m  [2m | [22m[2mdashboard-component[22m[2m | [22m[36m579.22 kB[39m[2m | [22m
[32mchunk-RM3G3VUC.js[39m  [2m | [22m[2madmin-routes[22m       [2m | [22m  [36m6.88 kB[39m[2m | [22m
[32mchunk-GL7QLSL6.js[39m  [2m | [22m[2mclient-routes[22m      [2m | [22m  [36m2.84 kB[39m[2m | [22m
[32mchunk-XWUHJ464.js[39m  [2m | [22m[2mdashboard-routes[22m   [2m | [22m  [36m1.27 kB[39m[2m | [22m

Application bundle generation complete. [13.388 seconds]

Page reload sent to client(s).
[33m>[39m Changes detected. Rebuilding...
[32m√[39m Changes detected. Rebuilding...
[1mInitial chunk files[22m[2m | [22m[1mNames[22m              [2m | [22m [1mRaw size[22m
[32mmain.js[39m            [2m | [22m[2mmain[22m               [2m | [22m [36m12.57 kB[39m[2m | [22m

[1mLazy chunk files[22m   [2m | [22m[1mNames[22m              [2m | [22m [1mRaw size[22m
[32mchunk-IVGEIXJH.js[39m  [2m | [22m[2mdashboard-component[22m[2m | [22m[36m580.50 kB[39m[2m | [22m
[32mchunk-BAIGXXX6.js[39m  [2m | [22m[2madmin-routes[22m       [2m | [22m  [36m6.88 kB[39m[2m | [22m
[32mchunk-W6H3KEAF.js[39m  [2m | [22m[2mclient-routes[22m      [2m | [22m  [36m2.84 kB[39m[2m | [22m
[32mchunk-7NEBH7NZ.js[39m  [2m | [22m[2mdashboard-routes[22m   [2m | [22m  [36m1.27 kB[39m[2m | [22m

Application bundle generation complete. [10.961 seconds]

Page reload sent to client(s).
[33m>[39m Changes detected. Rebuilding...
[32m√[39m Changes detected. Rebuilding...
[1mInitial chunk files[22m[2m | [22m[1mNames[22m              [2m | [22m [1mRaw size[22m
[32mmain.js[39m            [2m | [22m[2mmain[22m               [2m | [22m [36m12.57 kB[39m[2m | [22m

[1mLazy chunk files[22m   [2m | [22m[1mNames[22m              [2m | [22m [1mRaw size[22m
[32mchunk-FTZYFMTJ.js[39m  [2m | [22m[2mdashboard-component[22m[2m | [22m[36m580.98 kB[39m[2m | [22m
[32mchunk-G4RL7BQ3.js[39m  [2m | [22m[2madmin-routes[22m       [2m | [22m  [36m6.88 kB[39m[2m | [22m
[32mchunk-MCYHU5IT.js[39m  [2m | [22m[2mclient-routes[22m      [2m | [22m  [36m2.84 kB[39m[2m | [22m
[32mchunk-VCTD4XRK.js[39m  [2m | [22m[2mdashboard-routes[22m   [2m | [22m  [36m1.27 kB[39m[2m | [22m

Application bundle generation complete. [31.720 seconds]

Page reload sent to client(s).
[33m>[39m Changes detected. Rebuilding...
[32m√[39m Changes detected. Rebuilding...
Application bundle generation failed. [7.327 seconds]

[1m[31m[31mX [41;31m[[41;97mERROR[41;31m][0m [1mNG9: Property 'heroMeta' does not exist on type 'SpkTicketActivityWidgetComponent'.[0m [1m[35m[plugin angular-compiler][0m

    src/app/@spk/reusable-dashboard/spk-ticket-activity-widget/spk-ticket-activity-widget.component.html:11:61:
[37m      11 │ ...   <div class="btc-card__meta-item" *ngFor="let item of [32mheroMeta[37m">
         ╵                                                            [32m~~~~~~~~[0m

  Error occurs in the template of component SpkTicketActivityWidgetComponent.

    src/app/@spk/reusable-dashboard/spk-ticket-activity-widget/spk-ticket-activity-widget.component.ts:37:15:
[37m      37 │   templateUrl: [32m'./spk-ticket-activity-widget.component.html'[37m,
         ╵                [32m~~~~~~~~~~~~~~~~~~~~~~~~~~~~~~~~~~~~~~~~~~~~~[0m


[31mX [41;31m[[41;97mERROR[41;31m][0m [1mNG9: Property 'summaryMetrics' does not exist on type 'SpkTicketActivityWidgetComponent'.[0m [1m[35m[plugin angular-compiler][0m

    src/app/@spk/reusable-dashboard/spk-ticket-activity-widget/spk-ticket-activity-widget.component.html:19:64:
[37m      19 │ ...ss="btc-card__summary-card" *ngFor="let metric of [32msummaryMetrics[37m">
         ╵                                                      [32m~~~~~~~~~~~~~~[0m

  Error occurs in the template of component SpkTicketActivityWidgetComponent.

    src/app/@spk/reusable-dashboard/spk-ticket-activity-widget/spk-ticket-activity-widget.component.ts:37:15:
[37m      37 │   templateUrl: [32m'./spk-ticket-activity-widget.component.html'[37m,
         ╵                [32m~~~~~~~~~~~~~~~~~~~~~~~~~~~~~~~~~~~~~~~~~~~~~[0m


[31mX [41;31m[[41;97mERROR[41;31m][0m [1mNG9: Property 'hasData' does not exist on type 'SpkTicketActivityWidgetComponent'.[0m [1m[35m[plugin angular-compiler][0m

    src/app/@spk/reusable-dashboard/spk-ticket-activity-widget/spk-ticket-activity-widget.component.html:30:48:
[37m      30 │ ..."btc-card__chart-kicker">{{ [32mhasData[37m ? 'Main Activity View' : 'W...
         ╵                                [32m~~~~~~~[0m

  Error occurs in the template of component SpkTicketActivityWidgetComponent.

    src/app/@spk/reusable-dashboard/spk-ticket-activity-widget/spk-ticket-activity-widget.component.ts:37:15:
[37m      37 │   templateUrl: [32m'./spk-ticket-activity-widget.component.html'[37m,
         ╵                [32m~~~~~~~~~~~~~~~~~~~~~~~~~~~~~~~~~~~~~~~~~~~~~[0m


[31mX [41;31m[[41;97mERROR[41;31m][0m [1mNG9: Property 'hasData' does not exist on type 'SpkTicketActivityWidgetComponent'.[0m [1m[35m[plugin angular-compiler][0m

    src/app/@spk/reusable-dashboard/spk-ticket-activity-widget/spk-ticket-activity-widget.component.html:37:68:
[37m      37 │ ...class="btc-card__state" [class.btc-card__state--empty]="![32mhasData[37m">
         ╵                                                             [32m~~~~~~~[0m

  Error occurs in the template of component SpkTicketActivityWidgetComponent.

    src/app/@spk/reusable-dashboard/spk-ticket-activity-widget/spk-ticket-activity-widget.component.ts:37:15:
[37m      37 │   templateUrl: [32m'./spk-ticket-activity-widget.component.html'[37m,
         ╵                [32m~~~~~~~~~~~~~~~~~~~~~~~~~~~~~~~~~~~~~~~~~~~~~[0m


[31mX [41;31m[[41;97mERROR[41;31m][0m [1mNG9: Property 'hasData' does not exist on type 'SpkTicketActivityWidgetComponent'.[0m [1m[35m[plugin angular-compiler][0m

    src/app/@spk/reusable-dashboard/spk-ticket-activity-widget/spk-ticket-activity-widget.component.html:38:11:
[37m      38 │         {{ [32mhasData[37m ? 'Live data' : 'No results for current scope' }}
         ╵            [32m~~~~~~~[0m

  Error occurs in the template of component SpkTicketActivityWidgetComponent.

    src/app/@spk/reusable-dashboard/spk-ticket-activity-widget/spk-ticket-activity-widget.component.ts:37:15:
[37m      37 │   templateUrl: [32m'./spk-ticket-activity-widget.component.html'[37m,
         ╵                [32m~~~~~~~~~~~~~~~~~~~~~~~~~~~~~~~~~~~~~~~~~~~~~[0m


[31mX [41;31m[[41;97mERROR[41;31m][0m [1mNG9: Property 'hasData' does not exist on type 'SpkTicketActivityWidgetComponent'.[0m [1m[35m[plugin angular-compiler][0m

    src/app/@spk/reusable-dashboard/spk-ticket-activity-widget/spk-ticket-activity-widget.component.html:46:46:
[37m      46 │     <div class="btc-card__chart-hint" *ngIf="![32mhasData[37m && !loading">
         ╵                                               [32m~~~~~~~[0m

  Error occurs in the template of component SpkTicketActivityWidgetComponent.

    src/app/@spk/reusable-dashboard/spk-ticket-activity-widget/spk-ticket-activity-widget.component.ts:37:15:
[37m      37 │   templateUrl: [32m'./spk-ticket-activity-widget.component.html'[37m,
         ╵                [32m~~~~~~~~~~~~~~~~~~~~~~~~~~~~~~~~~~~~~~~~~~~~~[0m

[39m[22m
[33m>[39m Changes detected. Rebuilding...
[32m√[39m Changes detected. Rebuilding...
[1mInitial chunk files[22m[2m | [22m[1mNames[22m                  [2m | [22m [1mRaw size[22m
[32mstyles.css[39m         [2m | [22m[2mstyles[22m                 [2m | [22m  [36m2.77 MB[39m[2m | [22m
[32mchunk-IWYN7XQY.js[39m  [2m | [22m[2m-[22m                      [2m | [22m[36m364.14 kB[39m[2m | [22m
[32mscripts.js[39m         [2m | [22m[2mscripts[22m                [2m | [22m[36m107.51 kB[39m[2m | [22m
[32mpolyfills.js[39m       [2m | [22m[2mpolyfills[22m              [2m | [22m [36m91.33 kB[39m[2m | [22m
[32mchunk-WHLG75XP.js[39m  [2m | [22m[2m-[22m                      [2m | [22m [36m29.59 kB[39m[2m | [22m
[32mmain.js[39m            [2m | [22m[2mmain[22m                   [2m | [22m [36m12.57 kB[39m[2m | [22m
[32mchunk-YEV5L5GY.js[39m  [2m | [22m[2m-[22m                      [2m | [22m [36m10.90 kB[39m[2m | [22m
[32mchunk-XUNQ54CZ.js[39m  [2m | [22m[2m-[22m                      [2m | [22m  [36m6.13 kB[39m[2m | [22m
[32mchunk-EVSPGG2W.js[39m  [2m | [22m[2m-[22m                      [2m | [22m  [36m1.64 kB[39m[2m | [22m
[32mchunk-HKK3KHZW.js[39m  [2m | [22m[2m-[22m                      [2m | [22m[36m716 bytes[39m[2m | [22m

[1m [22m                  [2m | [22m[1mInitial total[22m          [2m | [22m  [1m3.39 MB[22m

[1mLazy chunk files[22m   [2m | [22m[1mNames[22m                  [2m | [22m [1mRaw size[22m
[32mchunk-67NKDPCK.js[39m  [2m | [22m[2mdashboard-component[22m    [2m | [22m[36m579.64 kB[39m[2m | [22m
[32mchunk-WRFMJCC7.js[39m  [2m | [22m[2mnavs-tabs-component[22m    [2m | [22m[36m320.26 kB[39m[2m | [22m
[32mchunk-LGFZBYN2.js[39m  [2m | [22m[2mmodals-closes-component[22m[2m | [22m[36m267.67 kB[39m[2m | [22m
[32mchunk-OUQDONXP.js[39m  [2m | [22m[2mtables-component[22m       [2m | [22m[36m200.99 kB[39m[2m | [22m
[32mchunk-ESGU2E3S.js[39m  [2m | [22m[2mcards-component[22m        [2m | [22m[36m175.87 kB[39m[2m | [22m
[32mchunk-N4VHP2LZ.js[39m  [2m | [22m[2mfleet-map-component[22m    [2m | [22m[36m169.60 kB[39m[2m | [22m
[32mchunk-EV526D6P.js[39m  [2m | [22m[2malerts-component[22m       [2m | [22m[36m160.78 kB[39m[2m | [22m
[32mchunk-4F2NRI2J.js[39m  [2m | [22m[2mdropdowns-component[22m    [2m | [22m[36m151.67 kB[39m[2m | [22m
[32mchunk-DCXRWFQH.js[39m  [2m | [22m[2mchat-component[22m         [2m | [22m[36m134.03 kB[39m[2m | [22m
[32mchunk-LRTCVYM5.js[39m  [2m | [22m[2mprofile-component[22m      [2m | [22m[36m128.46 kB[39m[2m | [22m
[32mchunk-GQTYVTHA.js[39m  [2m | [22m[2mchecks-radios-component[22m[2m | [22m[36m114.93 kB[39m[2m | [22m
[32mchunk-PEEHENY7.js[39m  [2m | [22m[2mvehicle-view-component[22m [2m | [22m[36m114.88 kB[39m[2m | [22m
[32mchunk-3NHSGSFH.js[39m  [2m | [22m[2micons-component[22m        [2m | [22m[36m112.98 kB[39m[2m | [22m
[32mchunk-Z6SLXR7E.js[39m  [2m | [22m[2mnavbar-component[22m       [2m | [22m[36m108.91 kB[39m[2m | [22m
[32mchunk-FZD7ACQ6.js[39m  [2m | [22m[2m-[22m                      [2m | [22m[36m106.99 kB[39m[2m | [22m
[2m...and 205 more lazy chunks files. Use "--verbose" to show all the files.[22m

Application bundle generation complete. [7.923 seconds]

Page reload sent to client(s).
[33m>[39m Changes detected. Rebuilding...
[32m√[39m Changes detected. Rebuilding...
Application bundle generation failed. [4.255 seconds]

[1m[31m[31mX [41;31m[[41;97mERROR[41;31m][0m [1mTS-992008: Could not find stylesheet file './spk-ticket-activity-widget.component.scss'.[0m [1m[35m[plugin angular-compiler][0m

    src/app/@spk/reusable-dashboard/spk-ticket-activity-widget/spk-ticket-activity-widget.component.ts:38:12:
[37m      38 │   styleUrl: [32m'./spk-ticket-activity-widget.component.scss'[37m,
         ╵             [32m~~~~~~~~~~~~~~~~~~~~~~~~~~~~~~~~~~~~~~~~~~~~~[0m

[39m[22m
[33m>[39m Changes detected. Rebuilding...
[32m√[39m Changes detected. Rebuilding...
Application bundle generation failed. [0.039 seconds]

[1m[31m[31mX [41;31m[[41;97mERROR[41;31m][0m [1mTS-992008: Could not find stylesheet file './spk-ticket-activity-widget.component.scss'.[0m [1m[35m[plugin angular-compiler][0m

    src/app/@spk/reusable-dashboard/spk-ticket-activity-widget/spk-ticket-activity-widget.component.ts:38:12:
[37m      38 │   styleUrl: [32m'./spk-ticket-activity-widget.component.scss'[37m,
         ╵             [32m~~~~~~~~~~~~~~~~~~~~~~~~~~~~~~~~~~~~~~~~~~~~~[0m

[39m[22m
[33m>[39m Changes detected. Rebuilding...
[32m√[39m Changes detected. Rebuilding...
Application bundle generation failed. [6.774 seconds]

[1m[31m[31mX [41;31m[[41;97mERROR[41;31m][0m [1mTS-992008: Could not find stylesheet file './spk-ticket-activity-widget.component.scss'.[0m [1m[35m[plugin angular-compiler][0m

    src/app/@spk/reusable-dashboard/spk-ticket-activity-widget/spk-ticket-activity-widget.component.ts:38:12:
[37m      38 │   styleUrl: [32m'./spk-ticket-activity-widget.component.scss'[37m,
         ╵             [32m~~~~~~~~~~~~~~~~~~~~~~~~~~~~~~~~~~~~~~~~~~~~~[0m

[39m[22m
[33m>[39m Changes detected. Rebuilding...
[32m√[39m Changes detected. Rebuilding...
Application bundle generation failed. [22.712 seconds]

[1m[31m[31mX [41;31m[[41;97mERROR[41;31m][0m [1mTS-992008: Could not find stylesheet file './spk-ticket-activity-widget.component.scss'.[0m [1m[35m[plugin angular-compiler][0m

    src/app/@spk/reusable-dashboard/spk-ticket-activity-widget/spk-ticket-activity-widget.component.ts:38:12:
[37m      38 │   styleUrl: [32m'./spk-ticket-activity-widget.component.scss'[37m,
         ╵             [32m~~~~~~~~~~~~~~~~~~~~~~~~~~~~~~~~~~~~~~~~~~~~~[0m

[39m[22m
[33m>[39m Changes detected. Rebuilding...
[32m√[39m Changes detected. Rebuilding...
Application bundle generation failed. [7.778 seconds]

[1m[31m[31mX [41;31m[[41;97mERROR[41;31m][0m [1mTS-992008: Could not find stylesheet file './spk-ticket-activity-widget.component.scss'.[0m [1m[35m[plugin angular-compiler][0m

    src/app/@spk/reusable-dashboard/spk-ticket-activity-widget/spk-ticket-activity-widget.component.ts:38:12:
[37m      38 │   styleUrl: [32m'./spk-ticket-activity-widget.component.scss'[37m,
         ╵             [32m~~~~~~~~~~~~~~~~~~~~~~~~~~~~~~~~~~~~~~~~~~~~~[0m


[31mX [41;31m[[41;97mERROR[41;31m][0m [1mTS2339: Property 'extractTicketUserIds' does not exist on type 'DashboardComponent'.[0m [1m[35m[plugin angular-compiler][0m

    src/app/shared/features/dashboard/dashboard.component.ts:3528:37:
[37m      3528 │ ...   const ticketUserIds = this.[32mextractTicketUserIds[37m(ticketItems);
           ╵                                  [32m~~~~~~~~~~~~~~~~~~~~[0m

[39m[22m
[33m>[39m Changes detected. Rebuilding...
[32m√[39m Changes detected. Rebuilding...
Application bundle generation failed. [7.942 seconds]

[1m[31m[31mX [41;31m[[41;97mERROR[41;31m][0m [1mTS-992008: Could not find stylesheet file './spk-ticket-activity-widget.component.scss'.[0m [1m[35m[plugin angular-compiler][0m

    src/app/@spk/reusable-dashboard/spk-ticket-activity-widget/spk-ticket-activity-widget.component.ts:38:12:
[37m      38 │   styleUrl: [32m'./spk-ticket-activity-widget.component.scss'[37m,
         ╵             [32m~~~~~~~~~~~~~~~~~~~~~~~~~~~~~~~~~~~~~~~~~~~~~[0m

[39m[22m
[33m>[39m Changes detected. Rebuilding...
[32m√[39m Changes detected. Rebuilding...
[1mInitial chunk files[22m[2m | [22m[1mNames[22m                  [2m | [22m [1mRaw size[22m
[32mstyles.css[39m         [2m | [22m[2mstyles[22m                 [2m | [22m  [36m2.77 MB[39m[2m | [22m
[32mchunk-IWYN7XQY.js[39m  [2m | [22m[2m-[22m                      [2m | [22m[36m364.14 kB[39m[2m | [22m
[32mscripts.js[39m         [2m | [22m[2mscripts[22m                [2m | [22m[36m107.51 kB[39m[2m | [22m
[32mpolyfills.js[39m       [2m | [22m[2mpolyfills[22m              [2m | [22m [36m91.33 kB[39m[2m | [22m
[32mchunk-WHLG75XP.js[39m  [2m | [22m[2m-[22m                      [2m | [22m [36m29.59 kB[39m[2m | [22m
[32mmain.js[39m            [2m | [22m[2mmain[22m                   [2m | [22m [36m12.57 kB[39m[2m | [22m
[32mchunk-YEV5L5GY.js[39m  [2m | [22m[2m-[22m                      [2m | [22m [36m10.90 kB[39m[2m | [22m
[32mchunk-XUNQ54CZ.js[39m  [2m | [22m[2m-[22m                      [2m | [22m  [36m6.13 kB[39m[2m | [22m
[32mchunk-EVSPGG2W.js[39m  [2m | [22m[2m-[22m                      [2m | [22m  [36m1.64 kB[39m[2m | [22m
[32mchunk-HKK3KHZW.js[39m  [2m | [22m[2m-[22m                      [2m | [22m[36m716 bytes[39m[2m | [22m

[1m [22m                  [2m | [22m[1mInitial total[22m          [2m | [22m  [1m3.39 MB[22m

[1mLazy chunk files[22m   [2m | [22m[1mNames[22m                  [2m | [22m [1mRaw size[22m
[32mchunk-7AY4PJVR.js[39m  [2m | [22m[2mdashboard-component[22m    [2m | [22m[36m581.53 kB[39m[2m | [22m
[32mchunk-WRFMJCC7.js[39m  [2m | [22m[2mnavs-tabs-component[22m    [2m | [22m[36m320.26 kB[39m[2m | [22m
[32mchunk-LGFZBYN2.js[39m  [2m | [22m[2mmodals-closes-component[22m[2m | [22m[36m267.67 kB[39m[2m | [22m
[32mchunk-OUQDONXP.js[39m  [2m | [22m[2mtables-component[22m       [2m | [22m[36m200.99 kB[39m[2m | [22m
[32mchunk-ESGU2E3S.js[39m  [2m | [22m[2mcards-component[22m        [2m | [22m[36m175.87 kB[39m[2m | [22m
[32mchunk-N4VHP2LZ.js[39m  [2m | [22m[2mfleet-map-component[22m    [2m | [22m[36m169.60 kB[39m[2m | [22m
[32mchunk-EV526D6P.js[39m  [2m | [22m[2malerts-component[22m       [2m | [22m[36m160.78 kB[39m[2m | [22m
[32mchunk-4F2NRI2J.js[39m  [2m | [22m[2mdropdowns-component[22m    [2m | [22m[36m151.67 kB[39m[2m | [22m
[32mchunk-DCXRWFQH.js[39m  [2m | [22m[2mchat-component[22m         [2m | [22m[36m134.03 kB[39m[2m | [22m
[32mchunk-LRTCVYM5.js[39m  [2m | [22m[2mprofile-component[22m      [2m | [22m[36m128.46 kB[39m[2m | [22m
[32mchunk-GQTYVTHA.js[39m  [2m | [22m[2mchecks-radios-component[22m[2m | [22m[36m114.93 kB[39m[2m | [22m
[32mchunk-PEEHENY7.js[39m  [2m | [22m[2mvehicle-view-component[22m [2m | [22m[36m114.88 kB[39m[2m | [22m
[32mchunk-3NHSGSFH.js[39m  [2m | [22m[2micons-component[22m        [2m | [22m[36m112.98 kB[39m[2m | [22m
[32mchunk-Z6SLXR7E.js[39m  [2m | [22m[2mnavbar-component[22m       [2m | [22m[36m108.91 kB[39m[2m | [22m
[32mchunk-FZD7ACQ6.js[39m  [2m | [22m[2m-[22m                      [2m | [22m[36m106.99 kB[39m[2m | [22m
[2m...and 205 more lazy chunks files. Use "--verbose" to show all the files.[22m

Application bundle generation complete. [4.630 seconds]

Page reload sent to client(s).
[33m>[39m Changes detected. Rebuilding...
[32m√[39m Changes detected. Rebuilding...
[1mInitial chunk files[22m[2m | [22m[1mNames[22m              [2m | [22m [1mRaw size[22m
[32mmain.js[39m            [2m | [22m[2mmain[22m               [2m | [22m [36m12.57 kB[39m[2m | [22m

[1mLazy chunk files[22m   [2m | [22m[1mNames[22m              [2m | [22m [1mRaw size[22m
[32mchunk-CLYCCLDX.js[39m  [2m | [22m[2mdashboard-component[22m[2m | [22m[36m581.02 kB[39m[2m | [22m
[32mchunk-CWJLAALO.js[39m  [2m | [22m[2madmin-routes[22m       [2m | [22m  [36m6.88 kB[39m[2m | [22m
[32mchunk-CHAXHFKL.js[39m  [2m | [22m[2mclient-routes[22m      [2m | [22m  [36m2.84 kB[39m[2m | [22m
[32mchunk-GOZ45GJ2.js[39m  [2m | [22m[2mdashboard-routes[22m   [2m | [22m  [36m1.27 kB[39m[2m | [22m

Application bundle generation complete. [11.436 seconds]

Page reload sent to client(s).
[33m>[39m Changes detected. Rebuilding...
[32m√[39m Changes detected. Rebuilding...
[1mInitial chunk files[22m[2m | [22m[1mNames[22m              [2m | [22m [1mRaw size[22m
[32mmain.js[39m            [2m | [22m[2mmain[22m               [2m | [22m [36m12.57 kB[39m[2m | [22m

[1mLazy chunk files[22m   [2m | [22m[1mNames[22m              [2m | [22m [1mRaw size[22m
[32mchunk-XNKNE2AT.js[39m  [2m | [22m[2mdashboard-component[22m[2m | [22m[36m580.32 kB[39m[2m | [22m
[32mchunk-3IHKSUIO.js[39m  [2m | [22m[2madmin-routes[22m       [2m | [22m  [36m6.88 kB[39m[2m | [22m
[32mchunk-KFP6PCI5.js[39m  [2m | [22m[2mclient-routes[22m      [2m | [22m  [36m2.84 kB[39m[2m | [22m
[32mchunk-EMAHMMGC.js[39m  [2m | [22m[2mdashboard-routes[22m   [2m | [22m  [36m1.27 kB[39m[2m | [22m

Application bundle generation complete. [10.423 seconds]

Page reload sent to client(s).
[33m>[39m Changes detected. Rebuilding...
[32m√[39m Changes detected. Rebuilding...
[1mInitial chunk files[22m[2m | [22m[1mNames[22m              [2m | [22m [1mRaw size[22m
[32mmain.js[39m            [2m | [22m[2mmain[22m               [2m | [22m [36m12.57 kB[39m[2m | [22m

[1mLazy chunk files[22m   [2m | [22m[1mNames[22m              [2m | [22m [1mRaw size[22m
[32mchunk-WELUX2OS.js[39m  [2m | [22m[2mdashboard-component[22m[2m | [22m[36m580.70 kB[39m[2m | [22m
[32mchunk-CQWPPXAG.js[39m  [2m | [22m[2madmin-routes[22m       [2m | [22m  [36m6.88 kB[39m[2m | [22m
[32mchunk-UTNV74VQ.js[39m  [2m | [22m[2mclient-routes[22m      [2m | [22m  [36m2.84 kB[39m[2m | [22m
[32mchunk-BMQ3HU7X.js[39m  [2m | [22m[2mdashboard-routes[22m   [2m | [22m  [36m1.27 kB[39m[2m | [22m

Application bundle generation complete. [12.006 seconds]

Page reload sent to client(s).
[33m>[39m Changes detected. Rebuilding...
[32m√[39m Changes detected. Rebuilding...
[1mInitial chunk files[22m[2m | [22m[1mNames[22m              [2m | [22m [1mRaw size[22m
[32mmain.js[39m            [2m | [22m[2mmain[22m               [2m | [22m [36m12.57 kB[39m[2m | [22m

[1mLazy chunk files[22m   [2m | [22m[1mNames[22m              [2m | [22m [1mRaw size[22m
[32mchunk-SJWNUAQE.js[39m  [2m | [22m[2mdashboard-component[22m[2m | [22m[36m580.94 kB[39m[2m | [22m
[32mchunk-KIXWDJ7T.js[39m  [2m | [22m[2madmin-routes[22m       [2m | [22m  [36m6.88 kB[39m[2m | [22m
[32mchunk-FX536C4V.js[39m  [2m | [22m[2mclient-routes[22m      [2m | [22m  [36m2.84 kB[39m[2m | [22m
[32mchunk-VWBJOHP4.js[39m  [2m | [22m[2mdashboard-routes[22m   [2m | [22m  [36m1.27 kB[39m[2m | [22m

Application bundle generation complete. [8.541 seconds]

Page reload sent to client(s).
[33m>[39m Changes detected. Rebuilding...
[32m√[39m Changes detected. Rebuilding...
[1mInitial chunk files[22m[2m | [22m[1mNames[22m              [2m | [22m [1mRaw size[22m
[32mmain.js[39m            [2m | [22m[2mmain[22m               [2m | [22m [36m12.57 kB[39m[2m | [22m

[1mLazy chunk files[22m   [2m | [22m[1mNames[22m              [2m | [22m [1mRaw size[22m
[32mchunk-VALQFMCE.js[39m  [2m | [22m[2mdashboard-component[22m[2m | [22m[36m580.94 kB[39m[2m | [22m
[32mchunk-6BCA5BXD.js[39m  [2m | [22m[2madmin-routes[22m       [2m | [22m  [36m6.88 kB[39m[2m | [22m
[32mchunk-5XGBZYJ4.js[39m  [2m | [22m[2mclient-routes[22m      [2m | [22m  [36m2.84 kB[39m[2m | [22m
[32mchunk-VZQXPAZR.js[39m  [2m | [22m[2mdashboard-routes[22m   [2m | [22m  [36m1.27 kB[39m[2m | [22m

Application bundle generation complete. [9.463 seconds]

Page reload sent to client(s).
[33m>[39m Changes detected. Rebuilding...
[32m√[39m Changes detected. Rebuilding...
[1mInitial chunk files[22m[2m | [22m[1mNames[22m                            [2m | [22m [1mRaw size[22m
[32mmain.js[39m            [2m | [22m[2mmain[22m                             [2m | [22m [36m12.57 kB[39m[2m | [22m

[1mLazy chunk files[22m   [2m | [22m[1mNames[22m                            [2m | [22m [1mRaw size[22m
[32mchunk-PX3S7576.js[39m  [2m | [22m[2mdashboard-component[22m              [2m | [22m[36m580.94 kB[39m[2m | [22m
[32mchunk-RWC6RBA6.js[39m  [2m | [22m[2mvehicle-station-tracker-component[22m[2m | [22m[36m106.60 kB[39m[2m | [22m
[32mchunk-SU4KSBKL.js[39m  [2m | [22m[2mvehicle-ticket-report-component[22m  [2m | [22m [36m95.57 kB[39m[2m | [22m
[32mchunk-F5GXPTMI.js[39m  [2m | [22m[2mtickets-component[22m                [2m | [22m [36m89.80 kB[39m[2m | [22m
[32mchunk-BITNZ2AF.js[39m  [2m | [22m[2mticket-reports-component[22m         [2m | [22m [36m87.86 kB[39m[2m | [22m
[32mchunk-42GDM5RZ.js[39m  [2m | [22m[2mvehicle-final-reports-component[22m  [2m | [22m [36m63.89 kB[39m[2m | [22m
[32mchunk-VNWBXUMD.js[39m  [2m | [22m[2msnags-component[22m                  [2m | [22m [36m58.20 kB[39m[2m | [22m
[32mchunk-6ZVYCHFV.js[39m  [2m | [22m[2m-[22m                                [2m | [22m [36m48.27 kB[39m[2m | [22m
[32mchunk-LKLT6F42.js[39m  [2m | [22m[2mproject-list-component[22m           [2m | [22m [36m46.21 kB[39m[2m | [22m
[32mchunk-MJOSH53S.js[39m  [2m | [22m[2m-[22m                                [2m | [22m [36m25.56 kB[39m[2m | [22m
[32mchunk-7IKHACLI.js[39m  [2m | [22m[2m-[22m                                [2m | [22m [36m14.14 kB[39m[2m | [22m
[32mchunk-4UCJRIAA.js[39m  [2m | [22m[2madmin-routes[22m                     [2m | [22m  [36m6.88 kB[39m[2m | [22m
[32mchunk-J4WGGVCH.js[39m  [2m | [22m[2mclient-routes[22m                    [2m | [22m  [36m2.84 kB[39m[2m | [22m
[32mchunk-U7PGZPIC.js[39m  [2m | [22m[2mdashboard-routes[22m                 [2m | [22m  [36m1.27 kB[39m[2m | [22m
[32mchunk-HYYKZKL6.js[39m  [2m | [22m[2mreports-routes[22m                   [2m | [22m  [36m1.25 kB[39m[2m | [22m
[2m...and 1 more lazy chunks files. Use "--verbose" to show all the files.[22m

Application bundle generation complete. [9.760 seconds]

Page reload sent to client(s).
[33m>[39m Changes detected. Rebuilding...
[32m√[39m Changes detected. Rebuilding...
[1mInitial chunk files[22m[2m | [22m[1mNames[22m                            [2m | [22m [1mRaw size[22m
[32mmain.js[39m            [2m | [22m[2mmain[22m                             [2m | [22m [36m12.57 kB[39m[2m | [22m

[1mLazy chunk files[22m   [2m | [22m[1mNames[22m                            [2m | [22m [1mRaw size[22m
[32mchunk-V4I636BN.js[39m  [2m | [22m[2mdashboard-component[22m              [2m | [22m[36m580.94 kB[39m[2m | [22m
[32mchunk-4KV5HOQE.js[39m  [2m | [22m[2mvehicle-station-tracker-component[22m[2m | [22m[36m106.60 kB[39m[2m | [22m
[32mchunk-E52ZA4NY.js[39m  [2m | [22m[2mvehicle-ticket-report-component[22m  [2m | [22m [36m95.57 kB[39m[2m | [22m
[32mchunk-FUF2G4ZQ.js[39m  [2m | [22m[2mtickets-component[22m                [2m | [22m [36m89.80 kB[39m[2m | [22m
[32mchunk-YOBWAFLT.js[39m  [2m | [22m[2mticket-reports-component[22m         [2m | [22m [36m87.86 kB[39m[2m | [22m
[32mchunk-3OGCMMTE.js[39m  [2m | [22m[2mvehicle-final-reports-component[22m  [2m | [22m [36m63.89 kB[39m[2m | [22m
[32mchunk-IONSIJX3.js[39m  [2m | [22m[2msnags-component[22m                  [2m | [22m [36m58.20 kB[39m[2m | [22m
[32mchunk-SRMEC3LG.js[39m  [2m | [22m[2m-[22m                                [2m | [22m [36m48.40 kB[39m[2m | [22m
[32mchunk-EP6XITH3.js[39m  [2m | [22m[2mproject-list-component[22m           [2m | [22m [36m46.21 kB[39m[2m | [22m
[32mchunk-WKUL2ORE.js[39m  [2m | [22m[2m-[22m                                [2m | [22m [36m25.56 kB[39m[2m | [22m
[32mchunk-QYSXHRVU.js[39m  [2m | [22m[2m-[22m                                [2m | [22m [36m14.14 kB[39m[2m | [22m
[32mchunk-JLLJTZQE.js[39m  [2m | [22m[2madmin-routes[22m                     [2m | [22m  [36m6.88 kB[39m[2m | [22m
[32mchunk-2DWGKYEI.js[39m  [2m | [22m[2mclient-routes[22m                    [2m | [22m  [36m2.84 kB[39m[2m | [22m
[32mchunk-PQCTKBCT.js[39m  [2m | [22m[2mdashboard-routes[22m                 [2m | [22m  [36m1.27 kB[39m[2m | [22m
[32mchunk-5SXI3HUU.js[39m  [2m | [22m[2mreports-routes[22m                   [2m | [22m  [36m1.25 kB[39m[2m | [22m
[2m...and 1 more lazy chunks files. Use "--verbose" to show all the files.[22m

Application bundle generation complete. [8.380 seconds]

Page reload sent to client(s).
[33m>[39m Changes detected. Rebuilding...
[32m√[39m Changes detected. Rebuilding...
[1mInitial chunk files[22m[2m | [22m[1mNames[22m              [2m | [22m [1mRaw size[22m
[32mmain.js[39m            [2m | [22m[2mmain[22m               [2m | [22m [36m12.57 kB[39m[2m | [22m

[1mLazy chunk files[22m   [2m | [22m[1mNames[22m              [2m | [22m [1mRaw size[22m
[32mchunk-6J3WWPPR.js[39m  [2m | [22m[2mdashboard-component[22m[2m | [22m[36m580.94 kB[39m[2m | [22m
[32mchunk-NJWXRQ3B.js[39m  [2m | [22m[2madmin-routes[22m       [2m | [22m  [36m6.88 kB[39m[2m | [22m
[32mchunk-W7NDPUD5.js[39m  [2m | [22m[2mclient-routes[22m      [2m | [22m  [36m2.84 kB[39m[2m | [22m
[32mchunk-ZH3GH2AD.js[39m  [2m | [22m[2mdashboard-routes[22m   [2m | [22m  [36m1.27 kB[39m[2m | [22m

Application bundle generation complete. [9.986 seconds]

Page reload sent to client(s).
[33m>[39m Changes detected. Rebuilding...
[32m√[39m Changes detected. Rebuilding...
[1mInitial chunk files[22m[2m | [22m[1mNames[22m              [2m | [22m [1mRaw size[22m
[32mmain.js[39m            [2m | [22m[2mmain[22m               [2m | [22m [36m12.57 kB[39m[2m | [22m

[1mLazy chunk files[22m   [2m | [22m[1mNames[22m              [2m | [22m [1mRaw size[22m
[32mchunk-NVDYYQXO.js[39m  [2m | [22m[2mdashboard-component[22m[2m | [22m[36m581.14 kB[39m[2m | [22m
[32mchunk-WLKBMNFX.js[39m  [2m | [22m[2madmin-routes[22m       [2m | [22m  [36m6.88 kB[39m[2m | [22m
[32mchunk-LRAGFPXX.js[39m  [2m | [22m[2mclient-routes[22m      [2m | [22m  [36m2.84 kB[39m[2m | [22m
[32mchunk-TEZG5C3L.js[39m  [2m | [22m[2mdashboard-routes[22m   [2m | [22m  [36m1.27 kB[39m[2m | [22m

Application bundle generation complete. [10.796 seconds]

Page reload sent to client(s).
[33m>[39m Changes detected. Rebuilding...
[32m√[39m Changes detected. Rebuilding...
[1mInitial chunk files[22m[2m | [22m[1mNames[22m              [2m | [22m [1mRaw size[22m
[32mmain.js[39m            [2m | [22m[2mmain[22m               [2m | [22m [36m12.57 kB[39m[2m | [22m

[1mLazy chunk files[22m   [2m | [22m[1mNames[22m              [2m | [22m [1mRaw size[22m
[32mchunk-UOM2UCI7.js[39m  [2m | [22m[2mdashboard-component[22m[2m | [22m[36m581.18 kB[39m[2m | [22m
[32mchunk-OYCRPL7H.js[39m  [2m | [22m[2madmin-routes[22m       [2m | [22m  [36m6.88 kB[39m[2m | [22m
[32mchunk-ZMH6BSSS.js[39m  [2m | [22m[2mclient-routes[22m      [2m | [22m  [36m2.84 kB[39m[2m | [22m
[32mchunk-MS7XHMAN.js[39m  [2m | [22m[2mdashboard-routes[22m   [2m | [22m  [36m1.27 kB[39m[2m | [22m

Application bundle generation complete. [8.118 seconds]

Page reload sent to client(s).
[33m>[39m Changes detected. Rebuilding...
[32m√[39m Changes detected. Rebuilding...

No output file changes.

Application bundle generation complete. [0.587 seconds]

Page reload sent to client(s).
[33m>[39m Changes detected. Rebuilding...
[32m√[39m Changes detected. Rebuilding...
[1mInitial chunk files[22m[2m | [22m[1mNames[22m              [2m | [22m [1mRaw size[22m
[32mmain.js[39m            [2m | [22m[2mmain[22m               [2m | [22m [36m12.57 kB[39m[2m | [22m

[1mLazy chunk files[22m   [2m | [22m[1mNames[22m              [2m | [22m [1mRaw size[22m
[32mchunk-46RIKGSN.js[39m  [2m | [22m[2mdashboard-component[22m[2m | [22m[36m581.34 kB[39m[2m | [22m
[32mchunk-OG73RNO5.js[39m  [2m | [22m[2madmin-routes[22m       [2m | [22m  [36m6.88 kB[39m[2m | [22m
[32mchunk-Q7ZNUUK6.js[39m  [2m | [22m[2mclient-routes[22m      [2m | [22m  [36m2.84 kB[39m[2m | [22m
[32mchunk-2XQ6SSJS.js[39m  [2m | [22m[2mdashboard-routes[22m   [2m | [22m  [36m1.27 kB[39m[2m | [22m

Application bundle generation complete. [28.659 seconds]

Page reload sent to client(s).
[33m>[39m Changes detected. Rebuilding...
[32m√[39m Changes detected. Rebuilding...
[1mInitial chunk files[22m[2m | [22m[1mNames[22m              [2m | [22m [1mRaw size[22m
[32mmain.js[39m            [2m | [22m[2mmain[22m               [2m | [22m [36m12.57 kB[39m[2m | [22m

[1mLazy chunk files[22m   [2m | [22m[1mNames[22m              [2m | [22m [1mRaw size[22m
[32mchunk-GFWEYT7P.js[39m  [2m | [22m[2mdashboard-component[22m[2m | [22m[36m581.84 kB[39m[2m | [22m
[32mchunk-FBTYFAKL.js[39m  [2m | [22m[2madmin-routes[22m       [2m | [22m  [36m6.88 kB[39m[2m | [22m
[32mchunk-3YQOX2IF.js[39m  [2m | [22m[2mclient-routes[22m      [2m | [22m  [36m2.84 kB[39m[2m | [22m
[32mchunk-6SCBQAWP.js[39m  [2m | [22m[2mdashboard-routes[22m   [2m | [22m  [36m1.27 kB[39m[2m | [22m

Application bundle generation complete. [13.032 seconds]

Page reload sent to client(s).
[33m>[39m Changes detected. Rebuilding...
[32m√[39m Changes detected. Rebuilding...
[1mInitial chunk files[22m[2m | [22m[1mNames[22m              [2m | [22m [1mRaw size[22m
[32mmain.js[39m            [2m | [22m[2mmain[22m               [2m | [22m [36m12.57 kB[39m[2m | [22m

[1mLazy chunk files[22m   [2m | [22m[1mNames[22m              [2m | [22m [1mRaw size[22m
[32mchunk-JZORA3GV.js[39m  [2m | [22m[2mdashboard-component[22m[2m | [22m[36m582.55 kB[39m[2m | [22m
[32mchunk-MSLSUDVP.js[39m  [2m | [22m[2madmin-routes[22m       [2m | [22m  [36m6.88 kB[39m[2m | [22m
[32mchunk-RWFOVEAW.js[39m  [2m | [22m[2mclient-routes[22m      [2m | [22m  [36m2.84 kB[39m[2m | [22m
[32mchunk-FYGDRVDD.js[39m  [2m | [22m[2mdashboard-routes[22m   [2m | [22m  [36m1.27 kB[39m[2m | [22m

Application bundle generation complete. [8.544 seconds]

Page reload sent to client(s).
[33m>[39m Changes detected. Rebuilding...
[32m√[39m Changes detected. Rebuilding...

No output file changes.

Application bundle generation complete. [6.293 seconds]

[33m>[39m Changes detected. Rebuilding...
[32m√[39m Changes detected. Rebuilding...
Application bundle generation failed. [7.642 seconds]

[1m[31m[31mX [41;31m[[41;97mERROR[41;31m][0m [1mTS2322: Type 'ProjectStats | undefined' is not assignable to type 'ProjectStats'.
  Type 'undefined' is not assignable to type 'ProjectStats'.[0m [1m[35m[plugin angular-compiler][0m

    src/app/shared/features/dashboard/dashboard.component.ts:1141:4:
[37m      1141 │     [32mthis.currentProjectStats[37m = resolveClientProjectStats(
           ╵     [32m~~~~~~~~~~~~~~~~~~~~~~~~[0m

[39m[22m
[33m>[39m Changes detected. Rebuilding...
[32m√[39m Changes detected. Rebuilding...
Application bundle generation failed. [11.065 seconds]

[1m[31m[31mX [41;31m[[41;97mERROR[41;31m][0m [1mTS2322: Type 'ProjectStats | undefined' is not assignable to type 'ProjectStats'.
  Type 'undefined' is not assignable to type 'ProjectStats'.[0m [1m[35m[plugin angular-compiler][0m

    src/app/shared/features/dashboard/dashboard.component.ts:1141:4:
[37m      1141 │     [32mthis.currentProjectStats[37m = resolveClientProjectStats(
           ╵     [32m~~~~~~~~~~~~~~~~~~~~~~~~[0m

[39m[22m
[33m>[39m Changes detected. Rebuilding...
[32m√[39m Changes detected. Rebuilding...
Application bundle generation failed. [5.695 seconds]

[1m[31m[31mX [41;31m[[41;97mERROR[41;31m][0m [1mTS2322: Type 'ProjectStats | undefined' is not assignable to type 'ProjectStats'.
  Type 'undefined' is not assignable to type 'ProjectStats'.[0m [1m[35m[plugin angular-compiler][0m

    src/app/shared/features/dashboard/dashboard.component.ts:1141:4:
[37m      1141 │     [32mthis.currentProjectStats[37m = resolveClientProjectStats(
           ╵     [32m~~~~~~~~~~~~~~~~~~~~~~~~[0m

[39m[22m
[33m>[39m Changes detected. Rebuilding...
[32m√[39m Changes detected. Rebuilding...
Application bundle generation failed. [3.237 seconds]

[1m[31m[31mX [41;31m[[41;97mERROR[41;31m][0m [1mTS2322: Type 'ProjectStats | undefined' is not assignable to type 'ProjectStats'.
  Type 'undefined' is not assignable to type 'ProjectStats'.[0m [1m[35m[plugin angular-compiler][0m

    src/app/shared/features/dashboard/dashboard.component.ts:1141:4:
[37m      1141 │     [32mthis.currentProjectStats[37m = resolveClientProjectStats(
           ╵     [32m~~~~~~~~~~~~~~~~~~~~~~~~[0m

[39m[22m
[33m>[39m Changes detected. Rebuilding...
[32m√[39m Changes detected. Rebuilding...
Application bundle generation failed. [5.250 seconds]

[1m[31m[31mX [41;31m[[41;97mERROR[41;31m][0m [1mTS2322: Type 'ProjectStats | undefined' is not assignable to type 'ProjectStats'.
  Type 'undefined' is not assignable to type 'ProjectStats'.[0m [1m[35m[plugin angular-compiler][0m

    src/app/shared/features/dashboard/dashboard.component.ts:1141:4:
[37m      1141 │     [32mthis.currentProjectStats[37m = resolveClientProjectStats(
           ╵     [32m~~~~~~~~~~~~~~~~~~~~~~~~[0m

[39m[22m
[33m>[39m Changes detected. Rebuilding...
[32m√[39m Changes detected. Rebuilding...
Application bundle generation failed. [5.758 seconds]

[1m[31m[31mX [41;31m[[41;97mERROR[41;31m][0m [1mTS2322: Type 'ProjectStats | undefined' is not assignable to type 'ProjectStats'.
  Type 'undefined' is not assignable to type 'ProjectStats'.[0m [1m[35m[plugin angular-compiler][0m

    src/app/shared/features/dashboard/dashboard.component.ts:1141:4:
[37m      1141 │     [32mthis.currentProjectStats[37m = resolveClientProjectStats(
           ╵     [32m~~~~~~~~~~~~~~~~~~~~~~~~[0m

[39m[22m
[33m>[39m Changes detected. Rebuilding...
[32m√[39m Changes detected. Rebuilding...
Application bundle generation failed. [5.181 seconds]

[1m[31m[31mX [41;31m[[41;97mERROR[41;31m][0m [1mTS2322: Type 'ProjectStats | undefined' is not assignable to type 'ProjectStats'.
  Type 'undefined' is not assignable to type 'ProjectStats'.[0m [1m[35m[plugin angular-compiler][0m

    src/app/shared/features/dashboard/dashboard.component.ts:1141:4:
[37m      1141 │     [32mthis.currentProjectStats[37m = resolveClientProjectStats(
           ╵     [32m~~~~~~~~~~~~~~~~~~~~~~~~[0m

[39m[22m
[33m>[39m Changes detected. Rebuilding...
[32m√[39m Changes detected. Rebuilding...
Application bundle generation failed. [5.803 seconds]

[1m[31m[31mX [41;31m[[41;97mERROR[41;31m][0m [1mTS2322: Type 'ProjectStats | undefined' is not assignable to type 'ProjectStats'.
  Type 'undefined' is not assignable to type 'ProjectStats'.[0m [1m[35m[plugin angular-compiler][0m

    src/app/shared/features/dashboard/dashboard.component.ts:1141:4:
[37m      1141 │     [32mthis.currentProjectStats[37m = resolveClientProjectStats(
           ╵     [32m~~~~~~~~~~~~~~~~~~~~~~~~[0m

[39m[22m
[33m>[39m Changes detected. Rebuilding...
[32m√[39m Changes detected. Rebuilding...
Application bundle generation failed. [4.145 seconds]

[1m[31m[31mX [41;31m[[41;97mERROR[41;31m][0m [1mTS2322: Type 'ProjectStats | undefined' is not assignable to type 'ProjectStats'.
  Type 'undefined' is not assignable to type 'ProjectStats'.[0m [1m[35m[plugin angular-compiler][0m

    src/app/shared/features/dashboard/dashboard.component.ts:1141:4:
[37m      1141 │     [32mthis.currentProjectStats[37m = resolveClientProjectStats(
           ╵     [32m~~~~~~~~~~~~~~~~~~~~~~~~[0m

[39m[22m
[33m>[39m Changes detected. Rebuilding...
[32m√[39m Changes detected. Rebuilding...
Application bundle generation failed. [5.094 seconds]

[1m[31m[31mX [41;31m[[41;97mERROR[41;31m][0m [1mTS2322: Type 'ProjectStats | undefined' is not assignable to type 'ProjectStats'.
  Type 'undefined' is not assignable to type 'ProjectStats'.[0m [1m[35m[plugin angular-compiler][0m

    src/app/shared/features/dashboard/dashboard.component.ts:1141:4:
[37m      1141 │     [32mthis.currentProjectStats[37m = resolveClientProjectStats(
           ╵     [32m~~~~~~~~~~~~~~~~~~~~~~~~[0m

[39m[22m
[33m>[39m Changes detected. Rebuilding...
[32m√[39m Changes detected. Rebuilding...
Application bundle generation failed. [4.786 seconds]

[1m[31m[31mX [41;31m[[41;97mERROR[41;31m][0m [1mTS2322: Type 'ProjectStats | undefined' is not assignable to type 'ProjectStats'.
  Type 'undefined' is not assignable to type 'ProjectStats'.[0m [1m[35m[plugin angular-compiler][0m

    src/app/shared/features/dashboard/dashboard.component.ts:1141:4:
[37m      1141 │     [32mthis.currentProjectStats[37m = resolveClientProjectStats(
           ╵     [32m~~~~~~~~~~~~~~~~~~~~~~~~[0m

[39m[22m
[33m>[39m Changes detected. Rebuilding...
[32m√[39m Changes detected. Rebuilding...
Application bundle generation failed. [6.301 seconds]

[1m[31m[31mX [41;31m[[41;97mERROR[41;31m][0m [1mTS2322: Type 'ProjectStats | undefined' is not assignable to type 'ProjectStats'.
  Type 'undefined' is not assignable to type 'ProjectStats'.[0m [1m[35m[plugin angular-compiler][0m

    src/app/shared/features/dashboard/dashboard.component.ts:1141:4:
[37m      1141 │     [32mthis.currentProjectStats[37m = resolveClientProjectStats(
           ╵     [32m~~~~~~~~~~~~~~~~~~~~~~~~[0m

[39m[22m
[33m>[39m Changes detected. Rebuilding...
[32m√[39m Changes detected. Rebuilding...
Application bundle generation failed. [7.486 seconds]

[1m[31m[31mX [41;31m[[41;97mERROR[41;31m][0m [1mTS2322: Type 'ProjectStats | undefined' is not assignable to type 'ProjectStats'.
  Type 'undefined' is not assignable to type 'ProjectStats'.[0m [1m[35m[plugin angular-compiler][0m

    src/app/shared/features/dashboard/dashboard.component.ts:1141:4:
[37m      1141 │     [32mthis.currentProjectStats[37m = resolveClientProjectStats(
           ╵     [32m~~~~~~~~~~~~~~~~~~~~~~~~[0m

[39m[22m
[33m>[39m Changes detected. Rebuilding...
[32m√[39m Changes detected. Rebuilding...
Application bundle generation failed. [6.332 seconds]

[1m[31m[31mX [41;31m[[41;97mERROR[41;31m][0m [1mTS2322: Type 'ProjectStats | undefined' is not assignable to type 'ProjectStats'.
  Type 'undefined' is not assignable to type 'ProjectStats'.[0m [1m[35m[plugin angular-compiler][0m

    src/app/shared/features/dashboard/dashboard.component.ts:1141:4:
[37m      1141 │     [32mthis.currentProjectStats[37m = resolveClientProjectStats(
           ╵     [32m~~~~~~~~~~~~~~~~~~~~~~~~[0m

[39m[22m
[33m>[39m Changes detected. Rebuilding...
[32m√[39m Changes detected. Rebuilding...
Application bundle generation failed. [5.749 seconds]

[1m[31m[31mX [41;31m[[41;97mERROR[41;31m][0m [1mTS2322: Type 'ProjectStats | undefined' is not assignable to type 'ProjectStats'.
  Type 'undefined' is not assignable to type 'ProjectStats'.[0m [1m[35m[plugin angular-compiler][0m

    src/app/shared/features/dashboard/dashboard.component.ts:1141:4:
[37m      1141 │     [32mthis.currentProjectStats[37m = resolveClientProjectStats(
           ╵     [32m~~~~~~~~~~~~~~~~~~~~~~~~[0m

[39m[22m
[33m>[39m Changes detected. Rebuilding...
[32m√[39m Changes detected. Rebuilding...
Application bundle generation failed. [6.296 seconds]

[1m[31m[31mX [41;31m[[41;97mERROR[41;31m][0m [1mTS2322: Type 'ProjectStats | undefined' is not assignable to type 'ProjectStats'.
  Type 'undefined' is not assignable to type 'ProjectStats'.[0m [1m[35m[plugin angular-compiler][0m

    src/app/shared/features/dashboard/dashboard.component.ts:1141:4:
[37m      1141 │     [32mthis.currentProjectStats[37m = resolveClientProjectStats(
           ╵     [32m~~~~~~~~~~~~~~~~~~~~~~~~[0m

[39m[22m
[33m>[39m Changes detected. Rebuilding...
[32m√[39m Changes detected. Rebuilding...
Application bundle generation failed. [5.767 seconds]

[1m[31m[31mX [41;31m[[41;97mERROR[41;31m][0m [1mTS2322: Type 'ProjectStats | undefined' is not assignable to type 'ProjectStats'.
  Type 'undefined' is not assignable to type 'ProjectStats'.[0m [1m[35m[plugin angular-compiler][0m

    src/app/shared/features/dashboard/dashboard.component.ts:1141:4:
[37m      1141 │     [32mthis.currentProjectStats[37m = resolveClientProjectStats(
           ╵     [32m~~~~~~~~~~~~~~~~~~~~~~~~[0m

[39m[22m
[33m>[39m Changes detected. Rebuilding...
[32m√[39m Changes detected. Rebuilding...
Application bundle generation failed. [5.551 seconds]

[1m[31m[31mX [41;31m[[41;97mERROR[41;31m][0m [1mTS2322: Type 'ProjectStats | undefined' is not assignable to type 'ProjectStats'.
  Type 'undefined' is not assignable to type 'ProjectStats'.[0m [1m[35m[plugin angular-compiler][0m

    src/app/shared/features/dashboard/dashboard.component.ts:1141:4:
[37m      1141 │     [32mthis.currentProjectStats[37m = resolveClientProjectStats(
           ╵     [32m~~~~~~~~~~~~~~~~~~~~~~~~[0m

[39m[22m
[33m>[39m Changes detected. Rebuilding...
[32m√[39m Changes detected. Rebuilding...
Application bundle generation failed. [4.108 seconds]

[1m[31m[31mX [41;31m[[41;97mERROR[41;31m][0m [1mTS2322: Type 'ProjectStats | undefined' is not assignable to type 'ProjectStats'.
  Type 'undefined' is not assignable to type 'ProjectStats'.[0m [1m[35m[plugin angular-compiler][0m

    src/app/shared/features/dashboard/dashboard.component.ts:1141:4:
[37m      1141 │     [32mthis.currentProjectStats[37m = resolveClientProjectStats(
           ╵     [32m~~~~~~~~~~~~~~~~~~~~~~~~[0m

[39m[22m
[33m>[39m Changes detected. Rebuilding...
[32m√[39m Changes detected. Rebuilding...
[1mInitial chunk files[22m[2m | [22m[1mNames[22m                  [2m | [22m [1mRaw size[22m
[32mstyles.css[39m         [2m | [22m[2mstyles[22m                 [2m | [22m  [36m2.77 MB[39m[2m | [22m
[32mchunk-IWYN7XQY.js[39m  [2m | [22m[2m-[22m                      [2m | [22m[36m364.14 kB[39m[2m | [22m
[32mscripts.js[39m         [2m | [22m[2mscripts[22m                [2m | [22m[36m107.51 kB[39m[2m | [22m
[32mpolyfills.js[39m       [2m | [22m[2mpolyfills[22m              [2m | [22m [36m91.33 kB[39m[2m | [22m
[32mchunk-WHLG75XP.js[39m  [2m | [22m[2m-[22m                      [2m | [22m [36m29.59 kB[39m[2m | [22m
[32mmain.js[39m            [2m | [22m[2mmain[22m                   [2m | [22m [36m12.57 kB[39m[2m | [22m
[32mchunk-YEV5L5GY.js[39m  [2m | [22m[2m-[22m                      [2m | [22m [36m10.90 kB[39m[2m | [22m
[32mchunk-XUNQ54CZ.js[39m  [2m | [22m[2m-[22m                      [2m | [22m  [36m6.13 kB[39m[2m | [22m
[32mchunk-EVSPGG2W.js[39m  [2m | [22m[2m-[22m                      [2m | [22m  [36m1.64 kB[39m[2m | [22m
[32mchunk-HKK3KHZW.js[39m  [2m | [22m[2m-[22m                      [2m | [22m[36m716 bytes[39m[2m | [22m

[1m [22m                  [2m | [22m[1mInitial total[22m          [2m | [22m  [1m3.39 MB[22m

[1mLazy chunk files[22m   [2m | [22m[1mNames[22m                  [2m | [22m [1mRaw size[22m
[32mchunk-SUV7VNDW.js[39m  [2m | [22m[2mdashboard-component[22m    [2m | [22m[36m589.09 kB[39m[2m | [22m
[32mchunk-WRFMJCC7.js[39m  [2m | [22m[2mnavs-tabs-component[22m    [2m | [22m[36m320.26 kB[39m[2m | [22m
[32mchunk-LGFZBYN2.js[39m  [2m | [22m[2mmodals-closes-component[22m[2m | [22m[36m267.67 kB[39m[2m | [22m
[32mchunk-OUQDONXP.js[39m  [2m | [22m[2mtables-component[22m       [2m | [22m[36m200.99 kB[39m[2m | [22m
[32mchunk-ESGU2E3S.js[39m  [2m | [22m[2mcards-component[22m        [2m | [22m[36m175.87 kB[39m[2m | [22m
[32mchunk-UVZKQAEE.js[39m  [2m | [22m[2mfleet-map-component[22m    [2m | [22m[36m171.79 kB[39m[2m | [22m
[32mchunk-EV526D6P.js[39m  [2m | [22m[2malerts-component[22m       [2m | [22m[36m160.78 kB[39m[2m | [22m
[32mchunk-4F2NRI2J.js[39m  [2m | [22m[2mdropdowns-component[22m    [2m | [22m[36m151.67 kB[39m[2m | [22m
[32mchunk-DCXRWFQH.js[39m  [2m | [22m[2mchat-component[22m         [2m | [22m[36m134.03 kB[39m[2m | [22m
[32mchunk-LRTCVYM5.js[39m  [2m | [22m[2mprofile-component[22m      [2m | [22m[36m128.46 kB[39m[2m | [22m
[32mchunk-GQTYVTHA.js[39m  [2m | [22m[2mchecks-radios-component[22m[2m | [22m[36m114.93 kB[39m[2m | [22m
[32mchunk-PEEHENY7.js[39m  [2m | [22m[2mvehicle-view-component[22m [2m | [22m[36m114.88 kB[39m[2m | [22m
[32mchunk-3NHSGSFH.js[39m  [2m | [22m[2micons-component[22m        [2m | [22m[36m112.98 kB[39m[2m | [22m
[32mchunk-Z6SLXR7E.js[39m  [2m | [22m[2mnavbar-component[22m       [2m | [22m[36m108.91 kB[39m[2m | [22m
[32mchunk-AYCONTPF.js[39m  [2m | [22m[2m-[22m                      [2m | [22m[36m107.02 kB[39m[2m | [22m
[2m...and 205 more lazy chunks files. Use "--verbose" to show all the files.[22m

Application bundle generation complete. [30.260 seconds]

Page reload sent to client(s).
[33m>[39m Changes detected. Rebuilding...
[32m√[39m Changes detected. Rebuilding...
[1mInitial chunk files[22m[2m | [22m[1mNames[22m              [2m | [22m [1mRaw size[22m
[32mmain.js[39m            [2m | [22m[2mmain[22m               [2m | [22m [36m12.57 kB[39m[2m | [22m

[1mLazy chunk files[22m   [2m | [22m[1mNames[22m              [2m | [22m [1mRaw size[22m
[32mchunk-JPPNR6RG.js[39m  [2m | [22m[2mdashboard-component[22m[2m | [22m[36m589.09 kB[39m[2m | [22m
[32mchunk-CYRSZNFS.js[39m  [2m | [22m[2madmin-routes[22m       [2m | [22m  [36m6.88 kB[39m[2m | [22m
[32mchunk-XHJ65UEL.js[39m  [2m | [22m[2mclient-routes[22m      [2m | [22m  [36m2.84 kB[39m[2m | [22m
[32mchunk-KY7EIUFF.js[39m  [2m | [22m[2mdashboard-routes[22m   [2m | [22m  [36m1.27 kB[39m[2m | [22m

Application bundle generation complete. [43.430 seconds]

Page reload sent to client(s).
[33m>[39m Changes detected. Rebuilding...
[32m√[39m Changes detected. Rebuilding...
[1mInitial chunk files[22m[2m | [22m[1mNames[22m              [2m | [22m [1mRaw size[22m
[32mmain.js[39m            [2m | [22m[2mmain[22m               [2m | [22m [36m12.57 kB[39m[2m | [22m

[1mLazy chunk files[22m   [2m | [22m[1mNames[22m              [2m | [22m [1mRaw size[22m
[32mchunk-S35JN4XW.js[39m  [2m | [22m[2mdashboard-component[22m[2m | [22m[36m604.60 kB[39m[2m | [22m
[32mchunk-HKPKQBQX.js[39m  [2m | [22m[2madmin-routes[22m       [2m | [22m  [36m6.88 kB[39m[2m | [22m
[32mchunk-3TCWSG4A.js[39m  [2m | [22m[2mclient-routes[22m      [2m | [22m  [36m2.84 kB[39m[2m | [22m
[32mchunk-2WA6ESCQ.js[39m  [2m | [22m[2mdashboard-routes[22m   [2m | [22m  [36m1.27 kB[39m[2m | [22m

Application bundle generation complete. [16.061 seconds]

Page reload sent to client(s).
[33m>[39m Changes detected. Rebuilding...
[32m√[39m Changes detected. Rebuilding...
[1mInitial chunk files[22m[2m | [22m[1mNames[22m              [2m | [22m [1mRaw size[22m
[32mmain.js[39m            [2m | [22m[2mmain[22m               [2m | [22m [36m12.57 kB[39m[2m | [22m

[1mLazy chunk files[22m   [2m | [22m[1mNames[22m              [2m | [22m [1mRaw size[22m
[32mchunk-OYP6YJHD.js[39m  [2m | [22m[2mdashboard-component[22m[2m | [22m[36m601.00 kB[39m[2m | [22m
[32mchunk-ESLC7Q5H.js[39m  [2m | [22m[2madmin-routes[22m       [2m | [22m  [36m6.88 kB[39m[2m | [22m
[32mchunk-CHJGEWQ7.js[39m  [2m | [22m[2mclient-routes[22m      [2m | [22m  [36m2.84 kB[39m[2m | [22m
[32mchunk-TU4X226T.js[39m  [2m | [22m[2mdashboard-routes[22m   [2m | [22m  [36m1.27 kB[39m[2m | [22m

Application bundle generation complete. [8.423 seconds]

Page reload sent to client(s).
[33m>[39m Changes detected. Rebuilding...
[32m√[39m Changes detected. Rebuilding...
[1mInitial chunk files[22m[2m | [22m[1mNames[22m                            [2m | [22m [1mRaw size[22m
[32mmain.js[39m            [2m | [22m[2mmain[22m                             [2m | [22m [36m12.57 kB[39m[2m | [22m

[1mLazy chunk files[22m   [2m | [22m[1mNames[22m                            [2m | [22m [1mRaw size[22m
[32mchunk-Z4HPPGZV.js[39m  [2m | [22m[2mdashboard-component[22m              [2m | [22m[36m310.69 kB[39m[2m | [22m
[32mchunk-JLUC6RTS.js[39m  [2m | [22m[2mfleet-map-component[22m              [2m | [22m[36m181.55 kB[39m[2m | [22m
[32mchunk-GUW4E4GA.js[39m  [2m | [22m[2mvehicle-station-tracker-component[22m[2m | [22m[36m106.63 kB[39m[2m | [22m
[32mchunk-P5HCWJ45.js[39m  [2m | [22m[2m-[22m                                [2m | [22m [36m97.11 kB[39m[2m | [22m
[32mchunk-OECRBQD7.js[39m  [2m | [22m[2mnew-time-log-component[22m           [2m | [22m [36m96.16 kB[39m[2m | [22m
[32mchunk-ETGBK3T2.js[39m  [2m | [22m[2mvehicle-ticket-report-component[22m  [2m | [22m [36m95.60 kB[39m[2m | [22m
[32mchunk-EFGDKINU.js[39m  [2m | [22m[2mtickets-component[22m                [2m | [22m [36m89.83 kB[39m[2m | [22m
[32mchunk-PHYFB4KR.js[39m  [2m | [22m[2mticket-reports-component[22m         [2m | [22m [36m87.89 kB[39m[2m | [22m
[32mchunk-UZSUIIHM.js[39m  [2m | [22m[2mproject-view-component[22m           [2m | [22m [36m71.50 kB[39m[2m | [22m
[32mchunk-23Z4F54J.js[39m  [2m | [22m[2mtimesheet-component[22m              [2m | [22m [36m70.99 kB[39m[2m | [22m
[32mchunk-U45WVL7N.js[39m  [2m | [22m[2mvehicle-final-reports-component[22m  [2m | [22m [36m63.92 kB[39m[2m | [22m
[32mchunk-BGZAKYFZ.js[39m  [2m | [22m[2msnags-component[22m                  [2m | [22m [36m58.23 kB[39m[2m | [22m
[32mchunk-E53VU76F.js[39m  [2m | [22m[2mproject-list-component[22m           [2m | [22m [36m46.24 kB[39m[2m | [22m
[32mchunk-GUVUNYPR.js[39m  [2m | [22m[2m-[22m                                [2m | [22m [36m38.30 kB[39m[2m | [22m
[32mchunk-B2PNGXVO.js[39m  [2m | [22m[2m-[22m                                [2m | [22m [36m25.56 kB[39m[2m | [22m
[2m...and 12 more lazy chunks files. Use "--verbose" to show all the files.[22m

Application bundle generation complete. [28.002 seconds]

Page reload sent to client(s).
[33m>[39m Changes detected. Rebuilding...
[32m√[39m Changes detected. Rebuilding...
Application bundle generation failed. [7.654 seconds]

[1m[31m[31mX [41;31m[[41;97mERROR[41;31m][0m [1mTS-992008: Could not find stylesheet file './spk-ticket-activity-widget.component.scss'.[0m [1m[35m[plugin angular-compiler][0m

    src/app/@spk/reusable-dashboard/spk-ticket-activity-widget/spk-ticket-activity-widget.component.ts:38:12:
[37m      38 │   styleUrl: [32m'./spk-ticket-activity-widget.component.scss'[37m,
         ╵             [32m~~~~~~~~~~~~~~~~~~~~~~~~~~~~~~~~~~~~~~~~~~~~~[0m

[39m[22m
[33m>[39m Changes detected. Rebuilding...
[32m√[39m Changes detected. Rebuilding...
Application bundle generation failed. [0.007 seconds]

[1m[31m[31mX [41;31m[[41;97mERROR[41;31m][0m [1mTS-992008: Could not find stylesheet file './spk-ticket-activity-widget.component.scss'.[0m [1m[35m[plugin angular-compiler][0m

    src/app/@spk/reusable-dashboard/spk-ticket-activity-widget/spk-ticket-activity-widget.component.ts:38:12:
[37m      38 │   styleUrl: [32m'./spk-ticket-activity-widget.component.scss'[37m,
         ╵             [32m~~~~~~~~~~~~~~~~~~~~~~~~~~~~~~~~~~~~~~~~~~~~~[0m

[39m[22m
[33m>[39m Changes detected. Rebuilding...
[32m√[39m Changes detected. Rebuilding...
[1mInitial chunk files[22m[2m | [22m[1mNames[22m                  [2m | [22m [1mRaw size[22m
[32mstyles.css[39m         [2m | [22m[2mstyles[22m                 [2m | [22m  [36m2.77 MB[39m[2m | [22m
[32mchunk-IYH5TYFR.js[39m  [2m | [22m[2m-[22m                      [2m | [22m[36m364.14 kB[39m[2m | [22m
[32mscripts.js[39m         [2m | [22m[2mscripts[22m                [2m | [22m[36m107.51 kB[39m[2m | [22m
[32mpolyfills.js[39m       [2m | [22m[2mpolyfills[22m              [2m | [22m [36m91.33 kB[39m[2m | [22m
[32mchunk-KTWL5NGB.js[39m  [2m | [22m[2m-[22m                      [2m | [22m [36m29.59 kB[39m[2m | [22m
[32mmain.js[39m            [2m | [22m[2mmain[22m                   [2m | [22m [36m12.57 kB[39m[2m | [22m
[32mchunk-E5HO726J.js[39m  [2m | [22m[2m-[22m                      [2m | [22m [36m10.90 kB[39m[2m | [22m
[32mchunk-XUNQ54CZ.js[39m  [2m | [22m[2m-[22m                      [2m | [22m  [36m6.13 kB[39m[2m | [22m
[32mchunk-S5KMCARS.js[39m  [2m | [22m[2m-[22m                      [2m | [22m  [36m2.15 kB[39m[2m | [22m
[32mchunk-HKK3KHZW.js[39m  [2m | [22m[2m-[22m                      [2m | [22m[36m716 bytes[39m[2m | [22m

[1m [22m                  [2m | [22m[1mInitial total[22m          [2m | [22m  [1m3.39 MB[22m

[1mLazy chunk files[22m   [2m | [22m[1mNames[22m                  [2m | [22m [1mRaw size[22m
[32mchunk-YBSSHWT3.js[39m  [2m | [22m[2mdashboard-component[22m    [2m | [22m[36m594.74 kB[39m[2m | [22m
[32mchunk-4SRJM2YW.js[39m  [2m | [22m[2mnavs-tabs-component[22m    [2m | [22m[36m320.26 kB[39m[2m | [22m
[32mchunk-BUMM5RES.js[39m  [2m | [22m[2mmodals-closes-component[22m[2m | [22m[36m267.67 kB[39m[2m | [22m
[32mchunk-HT2SP5UO.js[39m  [2m | [22m[2mtables-component[22m       [2m | [22m[36m200.99 kB[39m[2m | [22m
[32mchunk-GFB6UFYE.js[39m  [2m | [22m[2mcards-component[22m        [2m | [22m[36m175.87 kB[39m[2m | [22m
[32mchunk-RGMVE4BI.js[39m  [2m | [22m[2mfleet-map-component[22m    [2m | [22m[36m171.79 kB[39m[2m | [22m
[32mchunk-CFZDJJ26.js[39m  [2m | [22m[2malerts-component[22m       [2m | [22m[36m160.78 kB[39m[2m | [22m
[32mchunk-IO7ONLP6.js[39m  [2m | [22m[2mdropdowns-component[22m    [2m | [22m[36m151.67 kB[39m[2m | [22m
[32mchunk-3ABASXU2.js[39m  [2m | [22m[2mchat-component[22m         [2m | [22m[36m134.03 kB[39m[2m | [22m
[32mchunk-S3GBF5VV.js[39m  [2m | [22m[2mprofile-component[22m      [2m | [22m[36m128.46 kB[39m[2m | [22m
[32mchunk-254BJ522.js[39m  [2m | [22m[2mchecks-radios-component[22m[2m | [22m[36m114.93 kB[39m[2m | [22m
[32mchunk-LFA3AYX3.js[39m  [2m | [22m[2mvehicle-view-component[22m [2m | [22m[36m114.88 kB[39m[2m | [22m
[32mchunk-52YCH3RC.js[39m  [2m | [22m[2micons-component[22m        [2m | [22m[36m112.98 kB[39m[2m | [22m
[32mchunk-VWHYQVSU.js[39m  [2m | [22m[2mnavbar-component[22m       [2m | [22m[36m108.91 kB[39m[2m | [22m
[32mchunk-PXTVOOG3.js[39m  [2m | [22m[2m-[22m                      [2m | [22m[36m107.02 kB[39m[2m | [22m
[2m...and 205 more lazy chunks files. Use "--verbose" to show all the files.[22m

Application bundle generation complete. [15.442 seconds]

Page reload sent to client(s).
[33m>[39m Changes detected. Rebuilding...
[32m√[39m Changes detected. Rebuilding...
[1mInitial chunk files[22m[2m | [22m[1mNames[22m                            [2m | [22m [1mRaw size[22m
[32mmain.js[39m            [2m | [22m[2mmain[22m                             [2m | [22m [36m12.57 kB[39m[2m | [22m

[1mLazy chunk files[22m   [2m | [22m[1mNames[22m                            [2m | [22m [1mRaw size[22m
[32mchunk-HIQQ6CYX.js[39m  [2m | [22m[2mdashboard-component[22m              [2m | [22m[36m594.74 kB[39m[2m | [22m
[32mchunk-2O47NQTU.js[39m  [2m | [22m[2mvehicle-station-tracker-component[22m[2m | [22m[36m106.60 kB[39m[2m | [22m
[32mchunk-TUOVMWHV.js[39m  [2m | [22m[2mvehicle-ticket-report-component[22m  [2m | [22m [36m95.57 kB[39m[2m | [22m
[32mchunk-RMBCZFGG.js[39m  [2m | [22m[2mtickets-component[22m                [2m | [22m [36m89.80 kB[39m[2m | [22m
[32mchunk-WNQDWC4V.js[39m  [2m | [22m[2mticket-reports-component[22m         [2m | [22m [36m87.86 kB[39m[2m | [22m
[32mchunk-FZU5OVPP.js[39m  [2m | [22m[2mvehicle-final-reports-component[22m  [2m | [22m [36m63.89 kB[39m[2m | [22m
[32mchunk-25PLZVH3.js[39m  [2m | [22m[2msnags-component[22m                  [2m | [22m [36m58.20 kB[39m[2m | [22m
[32mchunk-E54U2YXL.js[39m  [2m | [22m[2m-[22m                                [2m | [22m [36m51.59 kB[39m[2m | [22m
[32mchunk-DNSUDUEC.js[39m  [2m | [22m[2mproject-list-component[22m           [2m | [22m [36m46.21 kB[39m[2m | [22m
[32mchunk-RNUBEOUO.js[39m  [2m | [22m[2m-[22m                                [2m | [22m [36m25.56 kB[39m[2m | [22m
[32mchunk-XYSDSDPX.js[39m  [2m | [22m[2m-[22m                                [2m | [22m [36m14.14 kB[39m[2m | [22m
[32mchunk-TXJANO2G.js[39m  [2m | [22m[2madmin-routes[22m                     [2m | [22m  [36m6.88 kB[39m[2m | [22m
[32mchunk-N6XXQ6CA.js[39m  [2m | [22m[2mclient-routes[22m                    [2m | [22m  [36m2.84 kB[39m[2m | [22m
[32mchunk-A3T5D4FZ.js[39m  [2m | [22m[2mdashboard-routes[22m                 [2m | [22m  [36m1.27 kB[39m[2m | [22m
[32mchunk-3PO3V5Y6.js[39m  [2m | [22m[2mreports-routes[22m                   [2m | [22m  [36m1.25 kB[39m[2m | [22m
[2m...and 1 more lazy chunks files. Use "--verbose" to show all the files.[22m

Application bundle generation complete. [7.462 seconds]

Page reload sent to client(s).
[33m>[39m Changes detected. Rebuilding...
[32m√[39m Changes detected. Rebuilding...
[1mInitial chunk files[22m[2m | [22m[1mNames[22m              [2m | [22m [1mRaw size[22m
[32mmain.js[39m            [2m | [22m[2mmain[22m               [2m | [22m [36m12.57 kB[39m[2m | [22m

[1mLazy chunk files[22m   [2m | [22m[1mNames[22m              [2m | [22m [1mRaw size[22m
[32mchunk-P7VAEXCC.js[39m  [2m | [22m[2mdashboard-component[22m[2m | [22m[36m594.82 kB[39m[2m | [22m
[32mchunk-NP4TETLF.js[39m  [2m | [22m[2madmin-routes[22m       [2m | [22m  [36m6.88 kB[39m[2m | [22m
[32mchunk-KBJZIFGL.js[39m  [2m | [22m[2mclient-routes[22m      [2m | [22m  [36m2.84 kB[39m[2m | [22m
[32mchunk-O73BOZKO.js[39m  [2m | [22m[2mdashboard-routes[22m   [2m | [22m  [36m1.27 kB[39m[2m | [22m

Application bundle generation complete. [5.302 seconds]

Page reload sent to client(s).
[33m>[39m Changes detected. Rebuilding...
[32m√[39m Changes detected. Rebuilding...
[1mInitial chunk files[22m[2m | [22m[1mNames[22m              [2m | [22m [1mRaw size[22m
[32mmain.js[39m            [2m | [22m[2mmain[22m               [2m | [22m [36m12.57 kB[39m[2m | [22m

[1mLazy chunk files[22m   [2m | [22m[1mNames[22m              [2m | [22m [1mRaw size[22m
[32mchunk-LV3CMMAL.js[39m  [2m | [22m[2mdashboard-component[22m[2m | [22m[36m594.74 kB[39m[2m | [22m
[32mchunk-JMXE7URQ.js[39m  [2m | [22m[2madmin-routes[22m       [2m | [22m  [36m6.88 kB[39m[2m | [22m
[32mchunk-EY2A2K3D.js[39m  [2m | [22m[2mclient-routes[22m      [2m | [22m  [36m2.84 kB[39m[2m | [22m
[32mchunk-ANZ45RKX.js[39m  [2m | [22m[2mdashboard-routes[22m   [2m | [22m  [36m1.27 kB[39m[2m | [22m

Application bundle generation complete. [37.273 seconds]

Page reload sent to client(s).
[33m>[39m Changes detected. Rebuilding...
[32m√[39m Changes detected. Rebuilding...
[1mInitial chunk files[22m[2m | [22m[1mNames[22m              [2m | [22m [1mRaw size[22m
[32mmain.js[39m            [2m | [22m[2mmain[22m               [2m | [22m [36m12.57 kB[39m[2m | [22m

[1mLazy chunk files[22m   [2m | [22m[1mNames[22m              [2m | [22m [1mRaw size[22m
[32mchunk-GFE5RO7G.js[39m  [2m | [22m[2mdashboard-component[22m[2m | [22m[36m594.93 kB[39m[2m | [22m
[32mchunk-WZL6W3ZT.js[39m  [2m | [22m[2madmin-routes[22m       [2m | [22m  [36m6.88 kB[39m[2m | [22m
[32mchunk-RMB5RLHO.js[39m  [2m | [22m[2mclient-routes[22m      [2m | [22m  [36m2.84 kB[39m[2m | [22m
[32mchunk-C2LUPTAK.js[39m  [2m | [22m[2mdashboard-routes[22m   [2m | [22m  [36m1.27 kB[39m[2m | [22m

Application bundle generation complete. [14.008 seconds]

Page reload sent to client(s).
[33m>[39m Changes detected. Rebuilding...
[32m√[39m Changes detected. Rebuilding...
[1mInitial chunk files[22m[2m | [22m[1mNames[22m              [2m | [22m [1mRaw size[22m
[32mmain.js[39m            [2m | [22m[2mmain[22m               [2m | [22m [36m12.57 kB[39m[2m | [22m

[1mLazy chunk files[22m   [2m | [22m[1mNames[22m              [2m | [22m [1mRaw size[22m
[32mchunk-XULDDK6S.js[39m  [2m | [22m[2mdashboard-component[22m[2m | [22m[36m596.41 kB[39m[2m | [22m
[32mchunk-4MMRLZXT.js[39m  [2m | [22m[2madmin-routes[22m       [2m | [22m  [36m6.88 kB[39m[2m | [22m
[32mchunk-M4G3FWVY.js[39m  [2m | [22m[2mclient-routes[22m      [2m | [22m  [36m2.84 kB[39m[2m | [22m
[32mchunk-5FHQ2PFT.js[39m  [2m | [22m[2mdashboard-routes[22m   [2m | [22m  [36m1.27 kB[39m[2m | [22m

Application bundle generation complete. [31.923 seconds]

Page reload sent to client(s).
[33m>[39m Changes detected. Rebuilding...
[32m√[39m Changes detected. Rebuilding...
[1mInitial chunk files[22m[2m | [22m[1mNames[22m              [2m | [22m [1mRaw size[22m
[32mmain.js[39m            [2m | [22m[2mmain[22m               [2m | [22m [36m12.57 kB[39m[2m | [22m

[1mLazy chunk files[22m   [2m | [22m[1mNames[22m              [2m | [22m [1mRaw size[22m
[32mchunk-GINROFH2.js[39m  [2m | [22m[2mdashboard-component[22m[2m | [22m[36m596.41 kB[39m[2m | [22m
[32mchunk-4C6VX2B6.js[39m  [2m | [22m[2madmin-routes[22m       [2m | [22m  [36m6.88 kB[39m[2m | [22m
[32mchunk-6MZD6GMT.js[39m  [2m | [22m[2mclient-routes[22m      [2m | [22m  [36m2.84 kB[39m[2m | [22m
[32mchunk-76EMK6J3.js[39m  [2m | [22m[2mdashboard-routes[22m   [2m | [22m  [36m1.27 kB[39m[2m | [22m

Application bundle generation complete. [50.654 seconds]

Page reload sent to client(s).
[33m>[39m Changes detected. Rebuilding...
[32m√[39m Changes detected. Rebuilding...
[1mInitial chunk files[22m[2m | [22m[1mNames[22m              [2m | [22m [1mRaw size[22m
[32mmain.js[39m            [2m | [22m[2mmain[22m               [2m | [22m [36m12.57 kB[39m[2m | [22m

[1mLazy chunk files[22m   [2m | [22m[1mNames[22m              [2m | [22m [1mRaw size[22m
[32mchunk-2K72PCFT.js[39m  [2m | [22m[2mdashboard-component[22m[2m | [22m[36m596.42 kB[39m[2m | [22m
[32mchunk-3WM32P46.js[39m  [2m | [22m[2madmin-routes[22m       [2m | [22m  [36m6.88 kB[39m[2m | [22m
[32mchunk-FWAKXZEI.js[39m  [2m | [22m[2mclient-routes[22m      [2m | [22m  [36m2.84 kB[39m[2m | [22m
[32mchunk-O7DXIGN4.js[39m  [2m | [22m[2mdashboard-routes[22m   [2m | [22m  [36m1.27 kB[39m[2m | [22m

Application bundle generation complete. [20.174 seconds]

Page reload sent to client(s).
[33m>[39m Changes detected. Rebuilding...
[32m√[39m Changes detected. Rebuilding...
[1mInitial chunk files[22m[2m | [22m[1mNames[22m              [2m | [22m [1mRaw size[22m
[32mmain.js[39m            [2m | [22m[2mmain[22m               [2m | [22m [36m12.57 kB[39m[2m | [22m

[1mLazy chunk files[22m   [2m | [22m[1mNames[22m              [2m | [22m [1mRaw size[22m
[32mchunk-SDW6N3OG.js[39m  [2m | [22m[2mdashboard-component[22m[2m | [22m[36m596.61 kB[39m[2m | [22m
[32mchunk-WR5DATFF.js[39m  [2m | [22m[2madmin-routes[22m       [2m | [22m  [36m6.88 kB[39m[2m | [22m
[32mchunk-4MFK2OOU.js[39m  [2m | [22m[2mclient-routes[22m      [2m | [22m  [36m2.84 kB[39m[2m | [22m
[32mchunk-HFRFWV7X.js[39m  [2m | [22m[2mdashboard-routes[22m   [2m | [22m  [36m1.27 kB[39m[2m | [22m

Application bundle generation complete. [31.687 seconds]

Page reload sent to client(s).
[33m>[39m Changes detected. Rebuilding...
[32m√[39m Changes detected. Rebuilding...
[1mInitial chunk files[22m[2m | [22m[1mNames[22m              [2m | [22m [1mRaw size[22m
[32mmain.js[39m            [2m | [22m[2mmain[22m               [2m | [22m [36m12.57 kB[39m[2m | [22m

[1mLazy chunk files[22m   [2m | [22m[1mNames[22m              [2m | [22m [1mRaw size[22m
[32mchunk-EVJ2Q4IF.js[39m  [2m | [22m[2mdashboard-component[22m[2m | [22m[36m596.55 kB[39m[2m | [22m
[32mchunk-GFPVKP4I.js[39m  [2m | [22m[2madmin-routes[22m       [2m | [22m  [36m6.88 kB[39m[2m | [22m
[32mchunk-DSFSVJJV.js[39m  [2m | [22m[2mclient-routes[22m      [2m | [22m  [36m2.84 kB[39m[2m | [22m
[32mchunk-5TUBZEGU.js[39m  [2m | [22m[2mdashboard-routes[22m   [2m | [22m  [36m1.27 kB[39m[2m | [22m

Application bundle generation complete. [124.098 seconds]

Page reload sent to client(s).
[33m>[39m Changes detected. Rebuilding...
[32m√[39m Changes detected. Rebuilding...
[1mInitial chunk files[22m[2m | [22m[1mNames[22m              [2m | [22m [1mRaw size[22m
[32mmain.js[39m            [2m | [22m[2mmain[22m               [2m | [22m [36m12.57 kB[39m[2m | [22m

[1mLazy chunk files[22m   [2m | [22m[1mNames[22m              [2m | [22m [1mRaw size[22m
[32mchunk-2QXZMBT2.js[39m  [2m | [22m[2mdashboard-component[22m[2m | [22m[36m596.08 kB[39m[2m | [22m
[32mchunk-PYCFQ6S5.js[39m  [2m | [22m[2madmin-routes[22m       [2m | [22m  [36m6.88 kB[39m[2m | [22m
[32mchunk-AJKDZ3UQ.js[39m  [2m | [22m[2mclient-routes[22m      [2m | [22m  [36m2.84 kB[39m[2m | [22m
[32mchunk-ERCKHR6F.js[39m  [2m | [22m[2mdashboard-routes[22m   [2m | [22m  [36m1.27 kB[39m[2m | [22m

Application bundle generation complete. [91.901 seconds]

Page reload sent to client(s).
[33m>[39m Changes detected. Rebuilding...
[32m√[39m Changes detected. Rebuilding...
[1mInitial chunk files[22m[2m | [22m[1mNames[22m              [2m | [22m [1mRaw size[22m
[32mmain.js[39m            [2m | [22m[2mmain[22m               [2m | [22m [36m12.57 kB[39m[2m | [22m

[1mLazy chunk files[22m   [2m | [22m[1mNames[22m              [2m | [22m [1mRaw size[22m
[32mchunk-AFP3UZSH.js[39m  [2m | [22m[2mdashboard-component[22m[2m | [22m[36m596.53 kB[39m[2m | [22m
[32mchunk-LKGE5K5G.js[39m  [2m | [22m[2madmin-routes[22m       [2m | [22m  [36m6.88 kB[39m[2m | [22m
[32mchunk-5G3OLGPK.js[39m  [2m | [22m[2mclient-routes[22m      [2m | [22m  [36m2.84 kB[39m[2m | [22m
[32mchunk-UW7MAL57.js[39m  [2m | [22m[2mdashboard-routes[22m   [2m | [22m  [36m1.27 kB[39m[2m | [22m

Application bundle generation complete. [39.890 seconds]

Page reload sent to client(s).
[33m>[39m Changes detected. Rebuilding...
[32m√[39m Changes detected. Rebuilding...
[1mInitial chunk files[22m[2m | [22m[1mNames[22m              [2m | [22m [1mRaw size[22m
[32mmain.js[39m            [2m | [22m[2mmain[22m               [2m | [22m [36m12.57 kB[39m[2m | [22m

[1mLazy chunk files[22m   [2m | [22m[1mNames[22m              [2m | [22m [1mRaw size[22m
[32mchunk-N7VQOIRC.js[39m  [2m | [22m[2mdashboard-component[22m[2m | [22m[36m598.55 kB[39m[2m | [22m
[32mchunk-OZR5YZGC.js[39m  [2m | [22m[2madmin-routes[22m       [2m | [22m  [36m6.88 kB[39m[2m | [22m
[32mchunk-MUEV7G2S.js[39m  [2m | [22m[2mclient-routes[22m      [2m | [22m  [36m2.84 kB[39m[2m | [22m
[32mchunk-CSP2KAVC.js[39m  [2m | [22m[2mdashboard-routes[22m   [2m | [22m  [36m1.27 kB[39m[2m | [22m

Application bundle generation complete. [11.394 seconds]

Page reload sent to client(s).
[33m>[39m Changes detected. Rebuilding...
[32m√[39m Changes detected. Rebuilding...
[1mInitial chunk files[22m[2m | [22m[1mNames[22m              [2m | [22m [1mRaw size[22m
[32mmain.js[39m            [2m | [22m[2mmain[22m               [2m | [22m [36m12.57 kB[39m[2m | [22m

[1mLazy chunk files[22m   [2m | [22m[1mNames[22m              [2m | [22m [1mRaw size[22m
[32mchunk-4CWMZOJD.js[39m  [2m | [22m[2mdashboard-component[22m[2m | [22m[36m600.37 kB[39m[2m | [22m
[32mchunk-SB3BBEMW.js[39m  [2m | [22m[2madmin-routes[22m       [2m | [22m  [36m6.88 kB[39m[2m | [22m
[32mchunk-SVV2QVNN.js[39m  [2m | [22m[2mclient-routes[22m      [2m | [22m  [36m2.84 kB[39m[2m | [22m
[32mchunk-ZFMDJEAJ.js[39m  [2m | [22m[2mdashboard-routes[22m   [2m | [22m  [36m1.27 kB[39m[2m | [22m

Application bundle generation complete. [13.551 seconds]

Page reload sent to client(s).
[33m>[39m Changes detected. Rebuilding...
[32m√[39m Changes detected. Rebuilding...
[1mInitial chunk files[22m[2m | [22m[1mNames[22m              [2m | [22m [1mRaw size[22m
[32mmain.js[39m            [2m | [22m[2mmain[22m               [2m | [22m [36m12.57 kB[39m[2m | [22m

[1mLazy chunk files[22m   [2m | [22m[1mNames[22m              [2m | [22m [1mRaw size[22m
[32mchunk-7QTE6PZF.js[39m  [2m | [22m[2mdashboard-component[22m[2m | [22m[36m600.23 kB[39m[2m | [22m
[32mchunk-7JD6TPCP.js[39m  [2m | [22m[2madmin-routes[22m       [2m | [22m  [36m6.88 kB[39m[2m | [22m
[32mchunk-2FLVI3YF.js[39m  [2m | [22m[2mclient-routes[22m      [2m | [22m  [36m2.84 kB[39m[2m | [22m
[32mchunk-TSVV5EH2.js[39m  [2m | [22m[2mdashboard-routes[22m   [2m | [22m  [36m1.27 kB[39m[2m | [22m

Application bundle generation complete. [36.143 seconds]

Page reload sent to client(s).
[33m>[39m Changes detected. Rebuilding...
[32m√[39m Changes detected. Rebuilding...
[1mInitial chunk files[22m[2m | [22m[1mNames[22m              [2m | [22m [1mRaw size[22m
[32mmain.js[39m            [2m | [22m[2mmain[22m               [2m | [22m [36m12.57 kB[39m[2m | [22m

[1mLazy chunk files[22m   [2m | [22m[1mNames[22m              [2m | [22m [1mRaw size[22m
[32mchunk-JDB5MD7D.js[39m  [2m | [22m[2mdashboard-component[22m[2m | [22m[36m600.23 kB[39m[2m | [22m
[32mchunk-IBEHJ4YJ.js[39m  [2m | [22m[2madmin-routes[22m       [2m | [22m  [36m6.88 kB[39m[2m | [22m
[32mchunk-PCTXQKSZ.js[39m  [2m | [22m[2mclient-routes[22m      [2m | [22m  [36m2.84 kB[39m[2m | [22m
[32mchunk-CH4ZKKEC.js[39m  [2m | [22m[2mdashboard-routes[22m   [2m | [22m  [36m1.27 kB[39m[2m | [22m

Application bundle generation complete. [165.906 seconds]

Page reload sent to client(s).
[33m>[39m Changes detected. Rebuilding...
[32m√[39m Changes detected. Rebuilding...
[1mInitial chunk files[22m[2m | [22m[1mNames[22m                            [2m | [22m [1mRaw size[22m
[32mmain.js[39m            [2m | [22m[2mmain[22m                             [2m | [22m [36m12.57 kB[39m[2m | [22m

[1mLazy chunk files[22m   [2m | [22m[1mNames[22m                            [2m | [22m [1mRaw size[22m
[32mchunk-WPVDGIAK.js[39m  [2m | [22m[2mdashboard-component[22m              [2m | [22m[36m609.10 kB[39m[2m | [22m
[32mchunk-CLGHGDBO.js[39m  [2m | [22m[2mvehicle-station-tracker-component[22m[2m | [22m[36m106.60 kB[39m[2m | [22m
[32mchunk-CYZZ525O.js[39m  [2m | [22m[2mvehicle-ticket-report-component[22m  [2m | [22m [36m95.57 kB[39m[2m | [22m
[32mchunk-G76FGFJU.js[39m  [2m | [22m[2mtickets-component[22m                [2m | [22m [36m89.80 kB[39m[2m | [22m
[32mchunk-LK24CYWV.js[39m  [2m | [22m[2mticket-reports-component[22m         [2m | [22m [36m87.86 kB[39m[2m | [22m
[32mchunk-24DBNZRO.js[39m  [2m | [22m[2mvehicle-final-reports-component[22m  [2m | [22m [36m63.89 kB[39m[2m | [22m
[32mchunk-J46WEA4Z.js[39m  [2m | [22m[2msnags-component[22m                  [2m | [22m [36m58.20 kB[39m[2m | [22m
[32mchunk-4YWEKXIB.js[39m  [2m | [22m[2m-[22m                                [2m | [22m [36m51.63 kB[39m[2m | [22m
[32mchunk-OPKSKFDR.js[39m  [2m | [22m[2mproject-list-component[22m           [2m | [22m [36m46.21 kB[39m[2m | [22m
[32mchunk-RGSRC3TS.js[39m  [2m | [22m[2m-[22m                                [2m | [22m [36m25.56 kB[39m[2m | [22m
[32mchunk-XHIINY5P.js[39m  [2m | [22m[2m-[22m                                [2m | [22m [36m14.14 kB[39m[2m | [22m
[32mchunk-SCGT2T7Z.js[39m  [2m | [22m[2madmin-routes[22m                     [2m | [22m  [36m6.88 kB[39m[2m | [22m
[32mchunk-LPH5Q7UL.js[39m  [2m | [22m[2mclient-routes[22m                    [2m | [22m  [36m2.84 kB[39m[2m | [22m
[32mchunk-T2QVZ4ZG.js[39m  [2m | [22m[2mdashboard-routes[22m                 [2m | [22m  [36m1.27 kB[39m[2m | [22m
[32mchunk-YSBVHY5U.js[39m  [2m | [22m[2mreports-routes[22m                   [2m | [22m  [36m1.25 kB[39m[2m | [22m
[2m...and 1 more lazy chunks files. Use "--verbose" to show all the files.[22m

Application bundle generation complete. [76.295 seconds]

Page reload sent to client(s).
[33m>[39m Changes detected. Rebuilding...
[32m√[39m Changes detected. Rebuilding...
[1mInitial chunk files[22m[2m | [22m[1mNames[22m              [2m | [22m [1mRaw size[22m
[32mmain.js[39m            [2m | [22m[2mmain[22m               [2m | [22m [36m12.57 kB[39m[2m | [22m

[1mLazy chunk files[22m   [2m | [22m[1mNames[22m              [2m | [22m [1mRaw size[22m
[32mchunk-C3EGQ2GM.js[39m  [2m | [22m[2mdashboard-component[22m[2m | [22m[36m612.55 kB[39m[2m | [22m
[32mchunk-I2JNOSXU.js[39m  [2m | [22m[2madmin-routes[22m       [2m | [22m  [36m6.88 kB[39m[2m | [22m
[32mchunk-W7JKVLJC.js[39m  [2m | [22m[2mclient-routes[22m      [2m | [22m  [36m2.84 kB[39m[2m | [22m
[32mchunk-3W6KNSOD.js[39m  [2m | [22m[2mdashboard-routes[22m   [2m | [22m  [36m1.27 kB[39m[2m | [22m

Application bundle generation complete. [37.323 seconds]

Page reload sent to client(s).
[33m>[39m Changes detected. Rebuilding...
[32m√[39m Changes detected. Rebuilding...
[1mInitial chunk files[22m[2m | [22m[1mNames[22m                        [2m | [22m [1mRaw size[22m
[32mmain.js[39m            [2m | [22m[2mmain[22m                         [2m | [22m [36m12.57 kB[39m[2m | [22m

[1mLazy chunk files[22m   [2m | [22m[1mNames[22m                        [2m | [22m [1mRaw size[22m
[32mchunk-UFCZUUS4.js[39m  [2m | [22m[2mdashboard-component[22m          [2m | [22m[36m612.55 kB[39m[2m | [22m
[32mchunk-IAN3DXVG.js[39m  [2m | [22m[2marea-charts-component[22m        [2m | [22m [36m98.25 kB[39m[2m | [22m
[32mchunk-EHSVLSZ2.js[39m  [2m | [22m[2mline-charts-component[22m        [2m | [22m [36m66.87 kB[39m[2m | [22m
[32mchunk-ILIH7CWX.js[39m  [2m | [22m[2mecommerce-dashboard-component[22m[2m | [22m [36m62.80 kB[39m[2m | [22m
[32mchunk-P2KIDP34.js[39m  [2m | [22m[2mcandlestick-charts-component[22m [2m | [22m [36m41.18 kB[39m[2m | [22m
[32mchunk-K7QEILVZ.js[39m  [2m | [22m[2mcolumn-charts-component[22m      [2m | [22m [36m38.88 kB[39m[2m | [22m
[32mchunk-KVAIBNO6.js[39m  [2m | [22m[2mbar-charts-component[22m         [2m | [22m [36m31.74 kB[39m[2m | [22m
[32mchunk-RHPYT7YK.js[39m  [2m | [22m[2mtimeline-charts-component[22m    [2m | [22m [36m25.41 kB[39m[2m | [22m
[32mchunk-VTDDXJA7.js[39m  [2m | [22m[2mpie-charts-component[22m         [2m | [22m [36m19.61 kB[39m[2m | [22m
[32mchunk-47BA5IQD.js[39m  [2m | [22m[2mheatmap-charts-component[22m     [2m | [22m [36m17.33 kB[39m[2m | [22m
[32mchunk-ECAAX7BE.js[39m  [2m | [22m[2mradialbar-charts-component[22m   [2m | [22m [36m16.60 kB[39m[2m | [22m
[32mchunk-5WQOKX45.js[39m  [2m | [22m[2mmixed-charts-component[22m       [2m | [22m [36m14.84 kB[39m[2m | [22m
[32mchunk-7Y53GXVZ.js[39m  [2m | [22m[2mscatter-charts-component[22m     [2m | [22m [36m13.01 kB[39m[2m | [22m
[32mchunk-UIQR4NTV.js[39m  [2m | [22m[2mtreemap-charts-component[22m     [2m | [22m [36m12.89 kB[39m[2m | [22m
[32mchunk-Y2JBPN3Z.js[39m  [2m | [22m[2mboxplot-charts-component[22m     [2m | [22m [36m11.33 kB[39m[2m | [22m
[2m...and 12 more lazy chunks files. Use "--verbose" to show all the files.[22m

Application bundle generation complete. [59.973 seconds]

Page reload sent to client(s).
[33m>[39m Changes detected. Rebuilding...
[32m√[39m Changes detected. Rebuilding...
[1mInitial chunk files[22m[2m | [22m[1mNames[22m              [2m | [22m [1mRaw size[22m
[32mmain.js[39m            [2m | [22m[2mmain[22m               [2m | [22m [36m12.57 kB[39m[2m | [22m

[1mLazy chunk files[22m   [2m | [22m[1mNames[22m              [2m | [22m [1mRaw size[22m
[32mchunk-PALA6PV3.js[39m  [2m | [22m[2mdashboard-component[22m[2m | [22m[36m613.38 kB[39m[2m | [22m
[32mchunk-FOYJQUWE.js[39m  [2m | [22m[2madmin-routes[22m       [2m | [22m  [36m6.88 kB[39m[2m | [22m
[32mchunk-LV33YWG3.js[39m  [2m | [22m[2mclient-routes[22m      [2m | [22m  [36m2.84 kB[39m[2m | [22m
[32mchunk-I7XKCIDI.js[39m  [2m | [22m[2mdashboard-routes[22m   [2m | [22m  [36m1.27 kB[39m[2m | [22m

Application bundle generation complete. [49.225 seconds]

Page reload sent to client(s).
[33m>[39m Changes detected. Rebuilding...
[32m√[39m Changes detected. Rebuilding...
[1mInitial chunk files[22m[2m | [22m[1mNames[22m              [2m | [22m [1mRaw size[22m
[32mmain.js[39m            [2m | [22m[2mmain[22m               [2m | [22m [36m12.57 kB[39m[2m | [22m

[1mLazy chunk files[22m   [2m | [22m[1mNames[22m              [2m | [22m [1mRaw size[22m
[32mchunk-FNIV2BVR.js[39m  [2m | [22m[2mdashboard-component[22m[2m | [22m[36m612.77 kB[39m[2m | [22m
[32mchunk-JTLVNM6U.js[39m  [2m | [22m[2madmin-routes[22m       [2m | [22m  [36m6.88 kB[39m[2m | [22m
[32mchunk-BQDXUZHG.js[39m  [2m | [22m[2mclient-routes[22m      [2m | [22m  [36m2.84 kB[39m[2m | [22m
[32mchunk-5EYXRAFS.js[39m  [2m | [22m[2mdashboard-routes[22m   [2m | [22m  [36m1.27 kB[39m[2m | [22m

Application bundle generation complete. [7.074 seconds]

Page reload sent to client(s).
[33m>[39m Changes detected. Rebuilding...
[32m√[39m Changes detected. Rebuilding...
[1mInitial chunk files[22m[2m | [22m[1mNames[22m                            [2m | [22m [1mRaw size[22m
[32mmain.js[39m            [2m | [22m[2mmain[22m                             [2m | [22m [36m12.57 kB[39m[2m | [22m

[1mLazy chunk files[22m   [2m | [22m[1mNames[22m                            [2m | [22m [1mRaw size[22m
[32mchunk-5Q7YBIS6.js[39m  [2m | [22m[2mdashboard-component[22m              [2m | [22m[36m612.77 kB[39m[2m | [22m
[32mchunk-V6OTIFKM.js[39m  [2m | [22m[2mvehicle-station-tracker-component[22m[2m | [22m[36m106.60 kB[39m[2m | [22m
[32mchunk-HT2RWMX6.js[39m  [2m | [22m[2mvehicle-ticket-report-component[22m  [2m | [22m [36m95.57 kB[39m[2m | [22m
[32mchunk-ZLDOL5TP.js[39m  [2m | [22m[2mtickets-component[22m                [2m | [22m [36m89.80 kB[39m[2m | [22m
[32mchunk-PVOYMYLM.js[39m  [2m | [22m[2mticket-reports-component[22m         [2m | [22m [36m87.86 kB[39m[2m | [22m
[32mchunk-4FDKA4CK.js[39m  [2m | [22m[2mvehicle-final-reports-component[22m  [2m | [22m [36m63.89 kB[39m[2m | [22m
[32mchunk-COYI25XF.js[39m  [2m | [22m[2msnags-component[22m                  [2m | [22m [36m58.20 kB[39m[2m | [22m
[32mchunk-FRZQS2CD.js[39m  [2m | [22m[2m-[22m                                [2m | [22m [36m51.73 kB[39m[2m | [22m
[32mchunk-TTVGHNCV.js[39m  [2m | [22m[2mproject-list-component[22m           [2m | [22m [36m46.21 kB[39m[2m | [22m
[32mchunk-AP5GUKA2.js[39m  [2m | [22m[2m-[22m                                [2m | [22m [36m25.56 kB[39m[2m | [22m
[32mchunk-KJRFBLX4.js[39m  [2m | [22m[2m-[22m                                [2m | [22m [36m14.14 kB[39m[2m | [22m
[32mchunk-EBZ2KEG2.js[39m  [2m | [22m[2madmin-routes[22m                     [2m | [22m  [36m6.88 kB[39m[2m | [22m
[32mchunk-6O656Z7W.js[39m  [2m | [22m[2mclient-routes[22m                    [2m | [22m  [36m2.84 kB[39m[2m | [22m
[32mchunk-T23JOP6A.js[39m  [2m | [22m[2mdashboard-routes[22m                 [2m | [22m  [36m1.27 kB[39m[2m | [22m
[32mchunk-ISJZGTYO.js[39m  [2m | [22m[2mreports-routes[22m                   [2m | [22m  [36m1.25 kB[39m[2m | [22m
[2m...and 1 more lazy chunks files. Use "--verbose" to show all the files.[22m

Application bundle generation complete. [29.779 seconds]

Page reload sent to client(s).
[33m>[39m Changes detected. Rebuilding...
[32m√[39m Changes detected. Rebuilding...
[1mInitial chunk files[22m[2m | [22m[1mNames[22m              [2m | [22m [1mRaw size[22m
[32mmain.js[39m            [2m | [22m[2mmain[22m               [2m | [22m [36m12.57 kB[39m[2m | [22m

[1mLazy chunk files[22m   [2m | [22m[1mNames[22m              [2m | [22m [1mRaw size[22m
[32mchunk-DKMX3FTP.js[39m  [2m | [22m[2mdashboard-component[22m[2m | [22m[36m610.05 kB[39m[2m | [22m
[32mchunk-GLVV6E3F.js[39m  [2m | [22m[2madmin-routes[22m       [2m | [22m  [36m6.88 kB[39m[2m | [22m
[32mchunk-CA7PNEVX.js[39m  [2m | [22m[2mclient-routes[22m      [2m | [22m  [36m2.84 kB[39m[2m | [22m
[32mchunk-7B2CV4SY.js[39m  [2m | [22m[2mdashboard-routes[22m   [2m | [22m  [36m1.27 kB[39m[2m | [22m

Application bundle generation complete. [49.970 seconds]

Page reload sent to client(s).
[33m>[39m Changes detected. Rebuilding...
[32m√[39m Changes detected. Rebuilding...
[1mInitial chunk files[22m[2m | [22m[1mNames[22m              [2m | [22m [1mRaw size[22m
[32mmain.js[39m            [2m | [22m[2mmain[22m               [2m | [22m [36m12.57 kB[39m[2m | [22m

[1mLazy chunk files[22m   [2m | [22m[1mNames[22m              [2m | [22m [1mRaw size[22m
[32mchunk-BMQ3M7CP.js[39m  [2m | [22m[2mdashboard-component[22m[2m | [22m[36m607.30 kB[39m[2m | [22m
[32mchunk-GBXBLTAN.js[39m  [2m | [22m[2madmin-routes[22m       [2m | [22m  [36m6.88 kB[39m[2m | [22m
[32mchunk-MQHHN7OX.js[39m  [2m | [22m[2mclient-routes[22m      [2m | [22m  [36m2.84 kB[39m[2m | [22m
[32mchunk-7UTPCJ4O.js[39m  [2m | [22m[2mdashboard-routes[22m   [2m | [22m  [36m1.27 kB[39m[2m | [22m

Application bundle generation complete. [15.803 seconds]

Page reload sent to client(s).
[33m>[39m Changes detected. Rebuilding...
[32m√[39m Changes detected. Rebuilding...
[1mInitial chunk files[22m[2m | [22m[1mNames[22m              [2m | [22m [1mRaw size[22m
[32mmain.js[39m            [2m | [22m[2mmain[22m               [2m | [22m [36m12.57 kB[39m[2m | [22m

[1mLazy chunk files[22m   [2m | [22m[1mNames[22m              [2m | [22m [1mRaw size[22m
[32mchunk-6RPYPZRY.js[39m  [2m | [22m[2mdashboard-component[22m[2m | [22m[36m602.18 kB[39m[2m | [22m
[32mchunk-CZT2JF7V.js[39m  [2m | [22m[2madmin-routes[22m       [2m | [22m  [36m6.88 kB[39m[2m | [22m
[32mchunk-ISUPLIXN.js[39m  [2m | [22m[2mclient-routes[22m      [2m | [22m  [36m2.84 kB[39m[2m | [22m
[32mchunk-ZB4G5GZM.js[39m  [2m | [22m[2mdashboard-routes[22m   [2m | [22m  [36m1.27 kB[39m[2m | [22m

Application bundle generation complete. [27.273 seconds]

Page reload sent to client(s).
[33m>[39m Changes detected. Rebuilding...
[32m√[39m Changes detected. Rebuilding...
Application bundle generation failed. [102.364 seconds]

[1m[31m[31mX [41;31m[[41;97mERROR[41;31m][0m [1mTS2339: Property 'exportDataURI' does not exist on type 'SpkApexChartsComponent'.[0m [1m[35m[plugin angular-compiler][0m

    src/app/@spk/reusable-dashboard/spk-ticket-activity-widget/spk-ticket-activity-widget.component.ts:50:27:
[37m      50 │     return this.apexChart?.[32mexportDataURI[37m() ?? Promise.resolve(null);
         ╵                            [32m~~~~~~~~~~~~~[0m


[31mX [41;31m[[41;97mERROR[41;31m][0m [1mTS2339: Property 'getDefectTypes' does not exist on type 'ClientDashboardService'.[0m [1m[35m[plugin angular-compiler][0m

    src/app/shared/components/defect-word-cloud-widget/defect-word-cloud-widget.component.ts:230:9:
[37m      230 │         .[32mgetDefectTypes[37m({ clientId })
          ╵          [32m~~~~~~~~~~~~~~[0m


[31mX [41;31m[[41;97mERROR[41;31m][0m [1mTS2305: Module '"../../models/client-dashboard.models"' has no exported member 'ProjectInspector'.[0m [1m[35m[plugin angular-compiler][0m

    src/app/shared/components/vehicle-activities-widget/vehicle-activities-widget.component.ts:4:9:
[37m      4 │ import { [32mProjectInspector[37m, ProjectStats } from '../../models/client...
        ╵          [32m~~~~~~~~~~~~~~~~[0m


[31mX [41;31m[[41;97mERROR[41;31m][0m [1mTS2339: Property 'safetyCriticalTickets' does not exist on type 'ProjectStats'.[0m [1m[35m[plugin angular-compiler][0m

    src/app/shared/components/vehicle-activities-widget/vehicle-activities-widget.component.ts:83:53:
[37m      83 │ ...s.reduce((sum, row) => sum + (row.[32msafetyCriticalTickets[37m ?? 0), 0);
         ╵                                      [32m~~~~~~~~~~~~~~~~~~~~~[0m


[31mX [41;31m[[41;97mERROR[41;31m][0m [1mTS2339: Property 'inspectors' does not exist on type 'ProjectStats'.[0m [1m[35m[plugin angular-compiler][0m

    src/app/shared/components/vehicle-activities-widget/vehicle-activities-widget.component.ts:152:16:
[37m      152 │     return (row.[32minspectors[37m ?? []).slice(0, this.inspectorPreviewL...
          ╵                 [32m~~~~~~~~~~[0m


[31mX [41;31m[[41;97mERROR[41;31m][0m [1mTS2339: Property 'inspectors' does not exist on type 'ProjectStats'.[0m [1m[35m[plugin angular-compiler][0m

    src/app/shared/components/vehicle-activities-widget/vehicle-activities-widget.component.ts:156:25:
[37m      156 │     return Math.max((row.[32minspectors[37m?.length ?? 0) - this.inspecto...
          ╵                          [32m~~~~~~~~~~[0m


[31mX [41;31m[[41;97mERROR[41;31m][0m [1mTS2339: Property 'inspectors' does not exist on type 'ProjectStats'.[0m [1m[35m[plugin angular-compiler][0m

    src/app/shared/components/vehicle-activities-widget/vehicle-activities-widget.component.ts:160:22:
[37m      160 │     const count = row.[32minspectors[37m?.length ?? 0;
          ╵                       [32m~~~~~~~~~~[0m


[31mX [41;31m[[41;97mERROR[41;31m][0m [1mTS2339: Property 'inspectors' does not exist on type 'ProjectStats'.[0m [1m[35m[plugin angular-compiler][0m

    src/app/shared/components/vehicle-activities-widget/vehicle-activities-widget.component.ts:169:16:
[37m      169 │     return (row.[32minspectors[37m ?? []).map((inspector) => inspector.na...
          ╵                 [32m~~~~~~~~~~[0m


[31mX [41;31m[[41;97mERROR[41;31m][0m [1mTS7006: Parameter 'inspector' implicitly has an 'any' type.[0m [1m[35m[plugin angular-compiler][0m

    src/app/shared/components/vehicle-activities-widget/vehicle-activities-widget.component.ts:169:39:
[37m      169 │ ...row.inspectors ?? []).map(([32minspector[37m) => inspector.name).join(...
          ╵                               [32m~~~~~~~~~[0m


[31mX [41;31m[[41;97mERROR[41;31m][0m [1mTS2339: Property 'projectType' does not exist on type 'ProjectStats'.[0m [1m[35m[plugin angular-compiler][0m

    src/app/shared/components/vehicle-activities-widget/vehicle-activities-widget.component.ts:184:28:
[37m      184 │     return typeClassMap[row.[32mprojectType[37m ?? ''] ?? 'type--grey';
          ╵                             [32m~~~~~~~~~~~[0m


[31mX [41;31m[[41;97mERROR[41;31m][0m [1mTS2339: Property 'safetyCriticalTickets' does not exist on type 'ProjectStats'.[0m [1m[35m[plugin angular-compiler][0m

    src/app/shared/components/vehicle-activities-widget/vehicle-activities-widget.component.ts:188:30:
[37m      188 │     const criticalCount = row.[32msafetyCriticalTickets[37m ?? 0;
          ╵                               [32m~~~~~~~~~~~~~~~~~~~~~[0m


[31mX [41;31m[[41;97mERROR[41;31m][0m [1mTS2339: Property 'repeatedTickets' does not exist on type 'ProjectStats'.[0m [1m[35m[plugin angular-compiler][0m

    src/app/shared/components/vehicle-activities-widget/vehicle-activities-widget.component.ts:193:30:
[37m      193 │     const repeatedCount = row.[32mrepeatedTickets[37m ?? 0;
          ╵                               [32m~~~~~~~~~~~~~~~[0m


[31mX [41;31m[[41;97mERROR[41;31m][0m [1mTS2339: Property 'lastStationName' does not exist on type 'ProjectStats'.[0m [1m[35m[plugin angular-compiler][0m

    src/app/shared/components/vehicle-activities-widget/vehicle-activities-widget.component.ts:202:12:
[37m      202 │     if (row.[32mlastStationName[37m) {
          ╵             [32m~~~~~~~~~~~~~~~[0m


[31mX [41;31m[[41;97mERROR[41;31m][0m [1mTS2339: Property 'lastStationName' does not exist on type 'ProjectStats'.[0m [1m[35m[plugin angular-compiler][0m

    src/app/shared/components/vehicle-activities-widget/vehicle-activities-widget.component.ts:203:34:
[37m      203 │       return `Last station: ${row.[32mlastStationName[37m}`;
          ╵                                   [32m~~~~~~~~~~~~~~~[0m


[31mX [41;31m[[41;97mERROR[41;31m][0m [1mTS2339: Property 'lastActivityDate' does not exist on type 'ProjectStats'.[0m [1m[35m[plugin angular-compiler][0m

    src/app/shared/components/vehicle-activities-widget/vehicle-activities-widget.component.ts:215:13:
[37m      215 │     if (!row.[32mlastActivityDate[37m) {
          ╵              [32m~~~~~~~~~~~~~~~~[0m


[31mX [41;31m[[41;97mERROR[41;31m][0m [1mTS2339: Property 'lastActivityDate' does not exist on type 'ProjectStats'.[0m [1m[35m[plugin angular-compiler][0m

    src/app/shared/components/vehicle-activities-widget/vehicle-activities-widget.component.ts:219:32:
[37m      219 │     const parsed = new Date(row.[32mlastActivityDate[37m);
          ╵                                 [32m~~~~~~~~~~~~~~~~[0m


[31mX [41;31m[[41;97mERROR[41;31m][0m [1mTS2339: Property 'safetyCriticalTickets' does not exist on type 'ProjectStats'.[0m [1m[35m[plugin angular-compiler][0m

    src/app/shared/components/vehicle-activities-widget/vehicle-activities-widget.component.ts:297:13:
[37m      297 │     if ((row.[32msafetyCriticalTickets[37m ?? 0) > 0) {
          ╵              [32m~~~~~~~~~~~~~~~~~~~~~[0m


[31mX [41;31m[[41;97mERROR[41;31m][0m [1mTS2339: Property 'repeatedPercent' does not exist on type 'ProjectStats'.[0m [1m[35m[plugin angular-compiler][0m

    src/app/shared/components/vehicle-activities-widget/vehicle-activities-widget.component.ts:301:13:
[37m      301 │     if ((row.[32mrepeatedPercent[37m ?? 0) > 25) {
          ╵              [32m~~~~~~~~~~~~~~~[0m


[31mX [41;31m[[41;97mERROR[41;31m][0m [1mTS2339: Property 'lastActivityDate' does not exist on type 'ProjectStats'.[0m [1m[35m[plugin angular-compiler][0m

    src/app/shared/components/vehicle-activities-widget/vehicle-activities-widget.component.ts:305:13:
[37m      305 │     if (!row.[32mlastActivityDate[37m) {
          ╵              [32m~~~~~~~~~~~~~~~~[0m


[31mX [41;31m[[41;97mERROR[41;31m][0m [1mTS2339: Property 'lastActivityDate' does not exist on type 'ProjectStats'.[0m [1m[35m[plugin angular-compiler][0m

    src/app/shared/components/vehicle-activities-widget/vehicle-activities-widget.component.ts:309:49:
[37m      309 │ ...Date.now() - new Date(row.[32mlastActivityDate[37m).getTime()) / 3600000;
          ╵                              [32m~~~~~~~~~~~~~~~~[0m

[39m[22m
[33m>[39m Changes detected. Rebuilding...
[32m√[39m Changes detected. Rebuilding...
Application bundle generation failed. [205.067 seconds]

[1m[31m[31mX [41;31m[[41;97mERROR[41;31m][0m [1mCould not resolve "./dashboard-ticket-activity.utils"[0m

    src/app/shared/features/dashboard/dashboard.component.ts:20:93:
[37m      20 │ ...nActivityChartOptions, } from [32m'./dashboard-ticket-activity.utils'[37m;
         ╵                                  [32m~~~~~~~~~~~~~~~~~~~~~~~~~~~~~~~~~~~[0m


[31mX [41;31m[[41;97mERROR[41;31m][0m [1mCould not resolve "../../components/defect-word-cloud-widget/defect-word-cloud-widget.component"[0m

    src/app/shared/features/dashboard/dashboard.component.ts:24:47:
[37m      24 │ ...nt } from [32m'../../components/defect-word-cloud-widget/defect-wor[37m...
         ╵              [32m~~~~~~~~~~~~~~~~~~~~~~~~~~~~~~~~~~~~~~~~~~~~~~~~~~~~~[0m


[31mX [41;31m[[41;97mERROR[41;31m][0m [1mCould not resolve "../../components/vehicle-activities-widget/vehicle-activities-widget.component"[0m

    src/app/shared/features/dashboard/dashboard.component.ts:25:49:
[37m      25 │ ...nt } from [32m'../../components/vehicle-activities-widget/vehicle-a[37m...
         ╵              [32m~~~~~~~~~~~~~~~~~~~~~~~~~~~~~~~~~~~~~~~~~~~~~~~~~~~~~[0m


[31mX [41;31m[[41;97mERROR[41;31m][0m [1mCould not resolve "../../../@spk/reusable-dashboard/spk-ticket-activity-widget/spk-ticket-activity-widget.component"[0m

    src/app/shared/features/dashboard/dashboard.component.ts:26:50:
[37m      26 │ ...t, } from [32m'../../../@spk/reusable-dashboard/spk-ticket-activity[37m...
         ╵              [32m~~~~~~~~~~~~~~~~~~~~~~~~~~~~~~~~~~~~~~~~~~~~~~~~~~~~~[0m


[31mX [41;31m[[41;97mERROR[41;31m][0m [1mCould not resolve "../../services/project-activities-data.service"[0m

    src/app/shared/features/dashboard/dashboard.component.ts:38:20:
[37m      38 │ import * as i8 from [32m"../../services/project-activities-data.service"[37m;
         ╵                     [32m~~~~~~~~~~~~~~~~~~~~~~~~~~~~~~~~~~~~~~~~~~~~~~~~[0m


[31mX [41;31m[[41;97mERROR[41;31m][0m [1mCould not resolve "../features/dashboard/dashboard-ticket-activity.utils"[0m

    src/app/shared/services/dashboard-projects.service.ts:6:48:
[37m      6 │ ...ity } from [32m'../features/dashboard/dashboard-ticket-activity.utils'[37m;
        ╵               [32m~~~~~~~~~~~~~~~~~~~~~~~~~~~~~~~~~~~~~~~~~~~~~~~~~~~~~~~[0m

[39m[22m
[33m>[39m Changes detected. Rebuilding...
[32m√[39m Changes detected. Rebuilding...
[1mInitial chunk files[22m[2m | [22m[1mNames[22m                   [2m | [22m [1mRaw size[22m
[32mstyles.css[39m         [2m | [22m[2mstyles[22m                  [2m | [22m  [36m2.77 MB[39m[2m | [22m
[32mchunk-D7F4LNGM.js[39m  [2m | [22m[2m-[22m                       [2m | [22m[36m416.62 kB[39m[2m | [22m
[32mscripts.js[39m         [2m | [22m[2mscripts[22m                 [2m | [22m[36m107.51 kB[39m[2m | [22m
[32mpolyfills.js[39m       [2m | [22m[2mpolyfills[22m               [2m | [22m [36m91.33 kB[39m[2m | [22m
[32mchunk-BBPAY5UN.js[39m  [2m | [22m[2m-[22m                       [2m | [22m [36m29.54 kB[39m[2m | [22m
[32mmain.js[39m            [2m | [22m[2mmain[22m                    [2m | [22m [36m12.68 kB[39m[2m | [22m
[32mchunk-YEV5L5GY.js[39m  [2m | [22m[2m-[22m                       [2m | [22m [36m10.90 kB[39m[2m | [22m
[32mchunk-A3XSRLR5.js[39m  [2m | [22m[2m-[22m                       [2m | [22m  [36m7.31 kB[39m[2m | [22m
[32mchunk-EVSPGG2W.js[39m  [2m | [22m[2m-[22m                       [2m | [22m  [36m1.64 kB[39m[2m | [22m
[32mchunk-HKK3KHZW.js[39m  [2m | [22m[2m-[22m                       [2m | [22m[36m716 bytes[39m[2m | [22m

[1m [22m                  [2m | [22m[1mInitial total[22m           [2m | [22m  [1m3.44 MB[22m

[1mLazy chunk files[22m   [2m | [22m[1mNames[22m                   [2m | [22m [1mRaw size[22m
[32mchunk-XQPBCNXP.js[39m  [2m | [22m[2mnavs-tabs-component[22m     [2m | [22m[36m320.26 kB[39m[2m | [22m
[32mchunk-JX3XFCXR.js[39m  [2m | [22m[2mdashboard-component[22m     [2m | [22m[36m310.76 kB[39m[2m | [22m
[32mchunk-TC7UJW33.js[39m  [2m | [22m[2mmodals-closes-component[22m [2m | [22m[36m267.67 kB[39m[2m | [22m
[32mchunk-HWO4XOXM.js[39m  [2m | [22m[2mvehicle-view-component[22m  [2m | [22m[36m249.70 kB[39m[2m | [22m
[32mchunk-3CZZKN5X.js[39m  [2m | [22m[2mtables-component[22m        [2m | [22m[36m200.99 kB[39m[2m | [22m
[32mchunk-NZLKM373.js[39m  [2m | [22m[2mcards-component[22m         [2m | [22m[36m175.87 kB[39m[2m | [22m
[32mchunk-GWGBB52D.js[39m  [2m | [22m[2mfleet-map-component[22m     [2m | [22m[36m161.94 kB[39m[2m | [22m
[32mchunk-KICORKYG.js[39m  [2m | [22m[2malerts-component[22m        [2m | [22m[36m160.78 kB[39m[2m | [22m
[32mchunk-H7MHSSLL.js[39m  [2m | [22m[2mdropdowns-component[22m     [2m | [22m[36m151.67 kB[39m[2m | [22m
[32mchunk-7LXQ3QGQ.js[39m  [2m | [22m[2mchat-component[22m          [2m | [22m[36m134.03 kB[39m[2m | [22m
[32mchunk-E6PEDKRD.js[39m  [2m | [22m[2mprofile-component[22m       [2m | [22m[36m128.46 kB[39m[2m | [22m
[32mchunk-G5DVKMRS.js[39m  [2m | [22m[2minspector-list-component[22m[2m | [22m[36m126.42 kB[39m[2m | [22m
[32mchunk-PVUYEJUQ.js[39m  [2m | [22m[2mchecks-radios-component[22m [2m | [22m[36m114.93 kB[39m[2m | [22m
[32mchunk-YOMDR6ZQ.js[39m  [2m | [22m[2micons-component[22m         [2m | [22m[36m112.98 kB[39m[2m | [22m
[32mchunk-7TKRJXYA.js[39m  [2m | [22m[2mnavbar-component[22m        [2m | [22m[36m108.91 kB[39m[2m | [22m
[2m...and 203 more lazy chunks files. Use "--verbose" to show all the files.[22m

Application bundle generation complete. [195.690 seconds]

Page reload sent to client(s).
[33m>[39m Changes detected. Rebuilding...
